x,series,value
0,f(x),0
0,g(x),0
0,f(x)-g(x),0
0.002,f(x),1.25663e-05
0.002,g(x),0.007984
0.002,f(x)-g(x),-0.00797143
0.004,f(x),5.02642e-05
0.004,g(x),0.015936
0.004,f(x)-g(x),-0.0158857
0.006,f(x),0.000113091
0.006,g(x),0.023856
0.006,f(x)-g(x),-0.0237429
0.008,f(x),0.000201041
0.008,g(x),0.031744
0.008,f(x)-g(x),-0.031543
0.01,f(x),0.000314108
0.01,g(x),0.0396
0.01,f(x)-g(x),-0.0392859
0.012,f(x),0.000452282
0.012,g(x),0.047424
0.012,f(x)-g(x),-0.0469717
0.014,f(x),0.000615554
0.014,g(x),0.055216
0.014,f(x)-g(x),-0.0546004
0.016,f(x),0.000803909
0.016,g(x),0.062976
0.016,f(x)-g(x),-0.0621721
0.018,f(x),0.00101733
0.018,g(x),0.070704
0.018,f(x)-g(x),-0.0696867
0.02,f(x),0.00125581
0.02,g(x),0.0784
0.02,f(x)-g(x),-0.0771442
0.022,f(x),0.00151932
0.022,g(x),0.086064
0.022,f(x)-g(x),-0.0845447
0.024,f(x),0.00180784
0.024,g(x),0.093696
0.024,f(x)-g(x),-0.0918882
0.026,f(x),0.00212136
0.026,g(x),0.101296
0.026,f(x)-g(x),-0.0991746
0.028,f(x),0.00245983
0.028,g(x),0.108864
0.028,f(x)-g(x),-0.106404
0.03,f(x),0.00282325
0.03,g(x),0.1164
0.03,f(x)-g(x),-0.113577
0.032,f(x),0.00321157
0.032,g(x),0.123904
0.032,f(x)-g(x),-0.120692
0.034,f(x),0.00362478
0.034,g(x),0.131376
0.034,f(x)-g(x),-0.127751
0.036,f(x),0.00406283
0.036,g(x),0.138816
0.036,f(x)-g(x),-0.134753
0.038,f(x),0.00452569
0.038,g(x),0.146224
0.038,f(x)-g(x),-0.141698
0.04,f(x),0.00501333
0.04,g(x),0.1536
0.04,f(x)-g(x),-0.148587
0.042,f(x),0.0055257
0.042,g(x),0.160944
0.042,f(x)-g(x),-0.155418
0.044,f(x),0.00606277
0.044,g(x),0.168256
0.044,f(x)-g(x),-0.162193
0.046,f(x),0.0066245
0.046,g(x),0.175536
0.046,f(x)-g(x),-0.168912
0.048,f(x),0.00721083
0.048,g(x),0.182784
0.048,f(x)-g(x),-0.175573
0.05,f(x),0.00782172
0.05,g(x),0.19
0.05,f(x)-g(x),-0.182178
0.052,f(x),0.00845713
0.052,g(x),0.197184
0.052,f(x)-g(x),-0.188727
0.054,f(x),0.00911701
0.054,g(x),0.204336
0.054,f(x)-g(x),-0.195219
0.056,f(x),0.00980129
0.056,g(x),0.211456
0.056,f(x)-g(x),-0.201655
0.058,f(x),0.0105099
0.058,g(x),0.218544
0.058,f(x)-g(x),-0.208034
0.06,f(x),0.0112429
0.06,g(x),0.2256
0.06,f(x)-g(x),-0.214357
0.062,f(x),0.0120001
0.062,g(x),0.232624
0.062,f(x)-g(x),-0.220624
0.064,f(x),0.0127814
0.064,g(x),0.239616
0.064,f(x)-g(x),-0.226835
0.066,f(x),0.0135869
0.066,g(x),0.246576
0.066,f(x)-g(x),-0.232989
0.068,f(x),0.0144165
0.068,g(x),0.253504
0.068,f(x)-g(x),-0.239088
0.07,f(x),0.01527
0.07,g(x),0.2604
0.07,f(x)-g(x),-0.24513
0.072,f(x),0.0161475
0.072,g(x),0.267264
0.072,f(x)-g(x),-0.251117
0.074,f(x),0.0170488
0.074,g(x),0.274096
0.074,f(x)-g(x),-0.257047
0.076,f(x),0.0179739
0.076,g(x),0.280896
0.076,f(x)-g(x),-0.262922
0.078,f(x),0.0189227
0.078,g(x),0.287664
0.078,f(x)-g(x),-0.268741
0.08,f(x),0.0198952
0.08,g(x),0.2944
0.08,f(x)-g(x),-0.274505
0.082,f(x),0.0208912
0.082,g(x),0.301104
0.082,f(x)-g(x),-0.280213
0.084,f(x),0.0219107
0.084,g(x),0.307776
0.084,f(x)-g(x),-0.285865
0.086,f(x),0.0229536
0.086,g(x),0.314416
0.086,f(x)-g(x),-0.291462
0.088,f(x),0.0240198
0.088,g(x),0.321024
0.088,f(x)-g(x),-0.297004
0.09,f(x),0.0251092
0.09,g(x),0.3276
0.09,f(x)-g(x),-0.302491
0.092,f(x),0.0262218
0.092,g(x),0.334144
0.092,f(x)-g(x),-0.307922
0.094,f(x),0.0273574
0.094,g(x),0.340656
0.094,f(x)-g(x),-0.313299
0.096,f(x),0.028516
0.096,g(x),0.347136
0.096,f(x)-g(x),-0.31862
0.098,f(x),0.0296975
0.098,g(x),0.353584
0.098,f(x)-g(x),-0.323887
0.1,f(x),0.0309017
0.1,g(x),0.36
0.1,f(x)-g(x),-0.329098
0.102,f(x),0.0321286
0.102,g(x),0.366384
0.102,f(x)-g(x),-0.334255
0.104,f(x),0.0333781
0.104,g(x),0.372736
0.104,f(x)-g(x),-0.339358
0.106,f(x),0.0346501
0.106,g(x),0.379056
0.106,f(x)-g(x),-0.344406
0.108,f(x),0.0359445
0.108,g(x),0.385344
0.108,f(x)-g(x),-0.349399
0.11,f(x),0.0372612
0.11,g(x),0.3916
0.11,f(x)-g(x),-0.354339
0.112,f(x),0.0386
0.112,g(x),0.397824
0.112,f(x)-g(x),-0.359224
0.114,f(x),0.0399609
0.114,g(x),0.404016
0.114,f(x)-g(x),-0.364055
0.116,f(x),0.0413438
0.116,g(x),0.410176
0.116,f(x)-g(x),-0.368832
0.118,f(x),0.0427485
0.118,g(x),0.416304
0.118,f(x)-g(x),-0.373556
0.12,f(x),0.0441749
0.12,g(x),0.4224
0.12,f(x)-g(x),-0.378225
0.122,f(x),0.045623
0.122,g(x),0.428464
0.122,f(x)-g(x),-0.382841
0.124,f(x),0.0470926
0.124,g(x),0.434496
0.124,f(x)-g(x),-0.387403
0.126,f(x),0.0485836
0.126,g(x),0.440496
0.126,f(x)-g(x),-0.391912
0.128,f(x),0.0500958
0.128,g(x),0.446464
0.128,f(x)-g(x),-0.396368
0.13,f(x),0.0516292
0.13,g(x),0.4524
0.13,f(x)-g(x),-0.400771
0.132,f(x),0.0531836
0.132,g(x),0.458304
0.132,f(x)-g(x),-0.40512
0.134,f(x),0.054759
0.134,g(x),0.464176
0.134,f(x)-g(x),-0.409417
0.136,f(x),0.0563551
0.136,g(x),0.470016
0.136,f(x)-g(x),-0.413661
0.138,f(x),0.0579718
0.138,g(x),0.475824
0.138,f(x)-g(x),-0.417852
0.14,f(x),0.0596091
0.14,g(x),0.4816
0.14,f(x)-g(x),-0.421991
0.142,f(x),0.0612668
0.142,g(x),0.487344
0.142,f(x)-g(x),-0.426077
0.144,f(x),0.0629447
0.144,g(x),0.493056
0.144,f(x)-g(x),-0.430111
0.146,f(x),0.0646427
0.146,g(x),0.498736
0.146,f(x)-g(x),-0.434093
0.148,f(x),0.0663607
0.148,g(x),0.504384
0.148,f(x)-g(x),-0.438023
0.15,f(x),0.0680986
0.15,g(x),0.51
0.15,f(x)-g(x),-0.441901
0.152,f(x),0.0698561
0.152,g(x),0.515584
0.152,f(x)-g(x),-0.445728
0.154,f(x),0.0716333
0.154,g(x),0.521136
0.154,f(x)-g(x),-0.449503
0.156,f(x),0.0734298
0.156,g(x),0.526656
0.156,f(x)-g(x),-0.453226
0.158,f(x),0.0752456
0.158,g(x),0.532144
0.158,f(x)-g(x),-0.456898
0.16,f(x),0.0770806
0.16,g(x),0.5376
0.16,f(x)-g(x),-0.460519
0.162,f(x),0.0789345
0.162,g(x),0.543024
0.162,f(x)-g(x),-0.464089
0.164,f(x),0.0808073
0.164,g(x),0.548416
0.164,f(x)-g(x),-0.467609
0.166,f(x),0.0826987
0.166,g(x),0.553776
0.166,f(x)-g(x),-0.471077
0.168,f(x),0.0846087
0.168,g(x),0.559104
0.168,f(x)-g(x),-0.474495
0.17,f(x),0.086537
0.17,g(x),0.5644
0.17,f(x)-g(x),-0.477863
0.172,f(x),0.0884836
0.172,g(x),0.569664
0.172,f(x)-g(x),-0.48118
0.174,f(x),0.0904482
0.174,g(x),0.574896
0.174,f(x)-g(x),-0.484448
0.176,f(x),0.0924307
0.176,g(x),0.580096
0.176,f(x)-g(x),-0.487665
0.178,f(x),0.094431
0.178,g(x),0.585264
0.178,f(x)-g(x),-0.490833
0.18,f(x),0.0964488
0.18,g(x),0.5904
0.18,f(x)-g(x),-0.493951
0.182,f(x),0.0984841
0.182,g(x),0.595504
0.182,f(x)-g(x),-0.49702
0.184,f(x),0.100537
0.184,g(x),0.600576
0.184,f(x)-g(x),-0.500039
0.186,f(x),0.102606
0.186,g(x),0.605616
0.186,f(x)-g(x),-0.50301
0.188,f(x),0.104693
0.188,g(x),0.610624
0.188,f(x)-g(x),-0.505931
0.19,f(x),0.106796
0.19,g(x),0.6156
0.19,f(x)-g(x),-0.508804
0.192,f(x),0.108916
0.192,g(x),0.620544
0.192,f(x)-g(x),-0.511628
0.194,f(x),0.111052
0.194,g(x),0.625456
0.194,f(x)-g(x),-0.514404
0.196,f(x),0.113204
0.196,g(x),0.630336
0.196,f(x)-g(x),-0.517132
0.198,f(x),0.115373
0.198,g(x),0.635184
0.198,f(x)-g(x),-0.519811
0.2,f(x),0.117557
0.2,g(x),0.64
0.2,f(x)-g(x),-0.522443
0.202,f(x),0.119757
0.202,g(x),0.644784
0.202,f(x)-g(x),-0.525027
0.204,f(x),0.121973
0.204,g(x),0.649536
0.204,f(x)-g(x),-0.527563
0.206,f(x),0.124203
0.206,g(x),0.654256
0.206,f(x)-g(x),-0.530053
0.208,f(x),0.12645
0.208,g(x),0.658944
0.208,f(x)-g(x),-0.532494
0.21,f(x),0.12871
0.21,g(x),0.6636
0.21,f(x)-g(x),-0.53489
0.212,f(x),0.130986
0.212,g(x),0.668224
0.212,f(x)-g(x),-0.537238
0.214,f(x),0.133277
0.214,g(x),0.672816
0.214,f(x)-g(x),-0.539539
0.216,f(x),0.135581
0.216,g(x),0.677376
0.216,f(x)-g(x),-0.541795
0.218,f(x),0.1379
0.218,g(x),0.681904
0.218,f(x)-g(x),-0.544004
0.22,f(x),0.140233
0.22,g(x),0.6864
0.22,f(x)-g(x),-0.546167
0.222,f(x),0.14258
0.222,g(x),0.690864
0.222,f(x)-g(x),-0.548284
0.224,f(x),0.144941
0.224,g(x),0.695296
0.224,f(x)-g(x),-0.550355
0.226,f(x),0.147314
0.226,g(x),0.699696
0.226,f(x)-g(x),-0.552382
0.228,f(x),0.149702
0.228,g(x),0.704064
0.228,f(x)-g(x),-0.554362
0.23,f(x),0.152102
0.23,g(x),0.7084
0.23,f(x)-g(x),-0.556298
0.232,f(x),0.154515
0.232,g(x),0.712704
0.232,f(x)-g(x),-0.558189
0.234,f(x),0.15694
0.234,g(x),0.716976
0.234,f(x)-g(x),-0.560036
0.236,f(x),0.159379
0.236,g(x),0.721216
0.236,f(x)-g(x),-0.561837
0.238,f(x),0.161829
0.238,g(x),0.725424
0.238,f(x)-g(x),-0.563595
0.24,f(x),0.164291
0.24,g(x),0.7296
0.24,f(x)-g(x),-0.565309
0.242,f(x),0.166766
0.242,g(x),0.733744
0.242,f(x)-g(x),-0.566978
0.244,f(x),0.169251
0.244,g(x),0.737856
0.244,f(x)-g(x),-0.568605
0.246,f(x),0.171749
0.246,g(x),0.741936
0.246,f(x)-g(x),-0.570187
0.248,f(x),0.174257
0.248,g(x),0.745984
0.248,f(x)-g(x),-0.571727
0.25,f(x),0.176777
0.25,g(x),0.75
0.25,f(x)-g(x),-0.573223
0.252,f(x),0.179307
0.252,g(x),0.753984
0.252,f(x)-g(x),-0.574677
0.254,f(x),0.181848
0.254,g(x),0.757936
0.254,f(x)-g(x),-0.576088
0.256,f(x),0.184399
0.256,g(x),0.761856
0.256,f(x)-g(x),-0.577457
0.258,f(x),0.186961
0.258,g(x),0.765744
0.258,f(x)-g(x),-0.578783
0.26,f(x),0.189532
0.26,g(x),0.7696
0.26,f(x)-g(x),-0.580068
0.262,f(x),0.192113
0.262,g(x),0.773424
0.262,f(x)-g(x),-0.581311
0.264,f(x),0.194703
0.264,g(x),0.777216
0.264,f(x)-g(x),-0.582513
0.266,f(x),0.197303
0.266,g(x),0.780976
0.266,f(x)-g(x),-0.583673
0.268,f(x),0.199912
0.268,g(x),0.784704
0.268,f(x)-g(x),-0.584792
0.27,f(x),0.20253
0.27,g(x),0.7884
0.27,f(x)-g(x),-0.58587
0.272,f(x),0.205156
0.272,g(x),0.792064
0.272,f(x)-g(x),-0.586908
0.274,f(x),0.207791
0.274,g(x),0.795696
0.274,f(x)-g(x),-0.587905
0.276,f(x),0.210434
0.276,g(x),0.799296
0.276,f(x)-g(x),-0.588862
0.278,f(x),0.213085
0.278,g(x),0.802864
0.278,f(x)-g(x),-0.589779
0.28,f(x),0.215744
0.28,g(x),0.8064
0.28,f(x)-g(x),-0.590656
0.282,f(x),0.21841
0.282,g(x),0.809904
0.282,f(x)-g(x),-0.591494
0.284,f(x),0.221083
0.284,g(x),0.813376
0.284,f(x)-g(x),-0.592293
0.286,f(x),0.223764
0.286,g(x),0.816816
0.286,f(x)-g(x),-0.593052
0.288,f(x),0.226451
0.288,g(x),0.820224
0.288,f(x)-g(x),-0.593773
0.29,f(x),0.229145
0.29,g(x),0.8236
0.29,f(x)-g(x),-0.594455
0.292,f(x),0.231845
0.292,g(x),0.826944
0.292,f(x)-g(x),-0.595099
0.294,f(x),0.234552
0.294,g(x),0.830256
0.294,f(x)-g(x),-0.595704
0.296,f(x),0.237264
0.296,g(x),0.833536
0.296,f(x)-g(x),-0.596272
0.298,f(x),0.239982
0.298,g(x),0.836784
0.298,f(x)-g(x),-0.596802
0.3,f(x),0.242705
0.3,g(x),0.84
0.3,f(x)-g(x),-0.597295
0.302,f(x),0.245434
0.302,g(x),0.843184
0.302,f(x)-g(x),-0.59775
0.304,f(x),0.248167
0.304,g(x),0.846336
0.304,f(x)-g(x),-0.598169
0.306,f(x),0.250905
0.306,g(x),0.849456
0.306,f(x)-g(x),-0.598551
0.308,f(x),0.253648
0.308,g(x),0.852544
0.308,f(x)-g(x),-0.598896
0.31,f(x),0.256395
0.31,g(x),0.8556
0.31,f(x)-g(x),-0.599205
0.312,f(x),0.259146
0.312,g(x),0.858624
0.312,f(x)-g(x),-0.599478
0.314,f(x),0.261901
0.314,g(x),0.861616
0.314,f(x)-g(x),-0.599715
0.316,f(x),0.264659
0.316,g(x),0.864576
0.316,f(x)-g(x),-0.599917
0.318,f(x),0.26742
0.318,g(x),0.867504
0.318,f(x)-g(x),-0.600084
0.32,f(x),0.270185
0.32,g(x),0.8704
0.32,f(x)-g(x),-0.600215
0.322,f(x),0.272952
0.322,g(x),0.873264
0.322,f(x)-g(x),-0.600312
0.324,f(x),0.275722
0.324,g(x),0.876096
0.324,f(x)-g(x),-0.600374
0.326,f(x),0.278494
0.326,g(x),0.878896
0.326,f(x)-g(x),-0.600402
0.328,f(x),0.281269
0.328,g(x),0.881664
0.328,f(x)-g(x),-0.600395
0.33,f(x),0.284045
0.33,g(x),0.8844
0.33,f(x)-g(x),-0.600355
0.332,f(x),0.286823
0.332,g(x),0.887104
0.332,f(x)-g(x),-0.600281
0.334,f(x),0.289602
0.334,g(x),0.889776
0.334,f(x)-g(x),-0.600174
0.336,f(x),0.292382
0.336,g(x),0.892416
0.336,f(x)-g(x),-0.600034
0.338,f(x),0.295163
0.338,g(x),0.895024
0.338,f(x)-g(x),-0.599861
0.34,f(x),0.297944
0.34,g(x),0.8976
0.34,f(x)-g(x),-0.599656
0.342,f(x),0.300726
0.342,g(x),0.900144
0.342,f(x)-g(x),-0.599418
0.344,f(x),0.303508
0.344,g(x),0.902656
0.344,f(x)-g(x),-0.599148
0.346,f(x),0.30629
0.346,g(x),0.905136
0.346,f(x)-g(x),-0.598846
0.348,f(x),0.309071
0.348,g(x),0.907584
0.348,f(x)-g(x),-0.598513
0.35,f(x),0.311852
0.35,g(x),0.91
0.35,f(x)-g(x),-0.598148
0.352,f(x),0.314632
0.352,g(x),0.912384
0.352,f(x)-g(x),-0.597752
0.354,f(x),0.317411
0.354,g(x),0.914736
0.354,f(x)-g(x),-0.597325
0.356,f(x),0.320188
0.356,g(x),0.917056
0.356,f(x)-g(x),-0.596868
0.358,f(x),0.322964
0.358,g(x),0.919344
0.358,f(x)-g(x),-0.59638
0.36,f(x),0.325738
0.36,g(x),0.9216
0.36,f(x)-g(x),-0.595862
0.362,f(x),0.328509
0.362,g(x),0.923824
0.362,f(x)-g(x),-0.595315
0.364,f(x),0.331279
0.364,g(x),0.926016
0.364,f(x)-g(x),-0.594737
0.366,f(x),0.334045
0.366,g(x),0.928176
0.366,f(x)-g(x),-0.594131
0.368,f(x),0.336809
0.368,g(x),0.930304
0.368,f(x)-g(x),-0.593495
0.37,f(x),0.339569
0.37,g(x),0.9324
0.37,f(x)-g(x),-0.592831
0.372,f(x),0.342326
0.372,g(x),0.934464
0.372,f(x)-g(x),-0.592138
0.374,f(x),0.34508
0.374,g(x),0.936496
0.374,f(x)-g(x),-0.591416
0.376,f(x),0.347829
0.376,g(x),0.938496
0.376,f(x)-g(x),-0.590667
0.378,f(x),0.350574
0.378,g(x),0.940464
0.378,f(x)-g(x),-0.58989
0.38,f(x),0.353315
0.38,g(x),0.9424
0.38,f(x)-g(x),-0.589085
0.382,f(x),0.356051
0.382,g(x),0.944304
0.382,f(x)-g(x),-0.588253
0.384,f(x),0.358782
0.384,g(x),0.946176
0.384,f(x)-g(x),-0.587394
0.386,f(x),0.361508
0.386,g(x),0.948016
0.386,f(x)-g(x),-0.586508
0.388,f(x),0.364229
0.388,g(x),0.949824
0.388,f(x)-g(x),-0.585595
0.39,f(x),0.366943
0.39,g(x),0.9516
0.39,f(x)-g(x),-0.584657
0.392,f(x),0.369652
0.392,g(x),0.953344
0.392,f(x)-g(x),-0.583692
0.394,f(x),0.372355
0.394,g(x),0.955056
0.394,f(x)-g(x),-0.582701
0.396,f(x),0.375051
0.396,g(x),0.956736
0.396,f(x)-g(x),-0.581685
0.398,f(x),0.37774
0.398,g(x),0.958384
0.398,f(x)-g(x),-0.580644
0.4,f(x),0.380423
0.4,g(x),0.96
0.4,f(x)-g(x),-0.579577
0.402,f(x),0.383098
0.402,g(x),0.961584
0.402,f(x)-g(x),-0.578486
0.404,f(x),0.385765
0.404,g(x),0.963136
0.404,f(x)-g(x),-0.577371
0.406,f(x),0.388425
0.406,g(x),0.964656
0.406,f(x)-g(x),-0.576231
0.408,f(x),0.391077
0.408,g(x),0.966144
0.408,f(x)-g(x),-0.575067
0.41,f(x),0.39372
0.41,g(x),0.9676
0.41,f(x)-g(x),-0.57388
0.412,f(x),0.396355
0.412,g(x),0.969024
0.412,f(x)-g(x),-0.572669
0.414,f(x),0.398982
0.414,g(x),0.970416
0.414,f(x)-g(x),-0.571434
0.416,f(x),0.401599
0.416,g(x),0.971776
0.416,f(x)-g(x),-0.570177
0.418,f(x),0.404207
0.418,g(x),0.973104
0.418,f(x)-g(x),-0.568897
0.42,f(x),0.406805
0.42,g(x),0.9744
0.42,f(x)-g(x),-0.567595
0.422,f(x),0.409393
0.422,g(x),0.975664
0.422,f(x)-g(x),-0.566271
0.424,f(x),0.411972
0.424,g(x),0.976896
0.424,f(x)-g(x),-0.564924
0.426,f(x),0.41454
0.426,g(x),0.978096
0.426,f(x)-g(x),-0.563556
0.428,f(x),0.417098
0.428,g(x),0.979264
0.428,f(x)-g(x),-0.562166
0.43,f(x),0.419644
0.43,g(x),0.9804
0.43,f(x)-g(x),-0.560756
0.432,f(x),0.42218
0.432,g(x),0.981504
0.432,f(x)-g(x),-0.559324
0.434,f(x),0.424704
0.434,g(x),0.982576
0.434,f(x)-g(x),-0.557872
0.436,f(x),0.427217
0.436,g(x),0.983616
0.436,f(x)-g(x),-0.556399
0.438,f(x),0.429718
0.438,g(x),0.984624
0.438,f(x)-g(x),-0.554906
0.44,f(x),0.432206
0.44,g(x),0.9856
0.44,f(x)-g(x),-0.553394
0.442,f(x),0.434683
0.442,g(x),0.986544
0.442,f(x)-g(x),-0.551861
0.444,f(x),0.437147
0.444,g(x),0.987456
0.444,f(x)-g(x),-0.550309
0.446,f(x),0.439597
0.446,g(x),0.988336
0.446,f(x)-g(x),-0.548739
0.448,f(x),0.442035
0.448,g(x),0.989184
0.448,f(x)-g(x),-0.547149
0.45,f(x),0.44446
0.45,g(x),0.99
0.45,f(x)-g(x),-0.54554
0.452,f(x),0.446871
0.452,g(x),0.990784
0.452,f(x)-g(x),-0.543913
0.454,f(x),0.449268
0.454,g(x),0.991536
0.454,f(x)-g(x),-0.542268
0.456,f(x),0.45165
0.456,g(x),0.992256
0.456,f(x)-g(x),-0.540606
0.458,f(x),0.454019
0.458,g(x),0.992944
0.458,f(x)-g(x),-0.538925
0.46,f(x),0.456373
0.46,g(x),0.9936
0.46,f(x)-g(x),-0.537227
0.462,f(x),0.458712
0.462,g(x),0.994224
0.462,f(x)-g(x),-0.535512
0.464,f(x),0.461036
0.464,g(x),0.994816
0.464,f(x)-g(x),-0.53378
0.466,f(x),0.463344
0.466,g(x),0.995376
0.466,f(x)-g(x),-0.532032
0.468,f(x),0.465637
0.468,g(x),0.995904
0.468,f(x)-g(x),-0.530267
0.47,f(x),0.467914
0.47,g(x),0.9964
0.47,f(x)-g(x),-0.528486
0.472,f(x),0.470175
0.472,g(x),0.996864
0.472,f(x)-g(x),-0.526689
0.474,f(x),0.47242
0.474,g(x),0.997296
0.474,f(x)-g(x),-0.524876
0.476,f(x),0.474648
0.476,g(x),0.997696
0.476,f(x)-g(x),-0.523048
0.478,f(x),0.476859
0.478,g(x),0.998064
0.478,f(x)-g(x),-0.521205
0.48,f(x),0.479053
0.48,g(x),0.9984
0.48,f(x)-g(x),-0.519347
0.482,f(x),0.48123
0.482,g(x),0.998704
0.482,f(x)-g(x),-0.517474
0.484,f(x),0.483389
0.484,g(x),0.998976
0.484,f(x)-g(x),-0.515587
0.486,f(x),0.48553
0.486,g(x),0.999216
0.486,f(x)-g(x),-0.513686
0.488,f(x),0.487653
0.488,g(x),0.999424
0.488,f(x)-g(x),-0.511771
0.49,f(x),0.489758
0.49,g(x),0.9996
0.49,f(x)-g(x),-0.509842
0.492,f(x),0.491845
0.492,g(x),0.999744
0.492,f(x)-g(x),-0.507899
0.494,f(x),0.493912
0.494,g(x),0.999856
0.494,f(x)-g(x),-0.505944
0.496,f(x),0.495961
0.496,g(x),0.999936
0.496,f(x)-g(x),-0.503975
0.498,f(x),0.49799
0.498,g(x),0.999984
0.498,f(x)-g(x),-0.501994
0.5,f(x),0.5
0.5,g(x),1
0.5,f(x)-g(x),-0.5
0.502,f(x),0.50199
0.502,g(x),0.999984
0.502,f(x)-g(x),-0.497994
0.504,f(x),0.50396
0.504,g(x),0.999936
0.504,f(x)-g(x),-0.495976
0.506,f(x),0.50591
0.506,g(x),0.999856
0.506,f(x)-g(x),-0.493946
0.508,f(x),0.50784
0.508,g(x),0.999744
0.508,f(x)-g(x),-0.491904
0.51,f(x),0.509748
0.51,g(x),0.9996
0.51,f(x)-g(x),-0.489852
0.512,f(x),0.511636
0.512,g(x),0.999424
0.512,f(x)-g(x),-0.487788
0.514,f(x),0.513503
0.514,g(x),0.999216
0.514,f(x)-g(x),-0.485713
0.516,f(x),0.515348
0.516,g(x),0.998976
0.516,f(x)-g(x),-0.483628
0.518,f(x),0.517172
0.518,g(x),0.998704
0.518,f(x)-g(x),-0.481532
0.52,f(x),0.518974
0.52,g(x),0.9984
0.52,f(x)-g(x),-0.479426
0.522,f(x),0.520754
0.522,g(x),0.998064
0.522,f(x)-g(x),-0.47731
0.524,f(x),0.522511
0.524,g(x),0.997696
0.524,f(x)-g(x),-0.475185
0.526,f(x),0.524246
0.526,g(x),0.997296
0.526,f(x)-g(x),-0.47305
0.528,f(x),0.525959
0.528,g(x),0.996864
0.528,f(x)-g(x),-0.470905
0.53,f(x),0.527648
0.53,g(x),0.9964
0.53,f(x)-g(x),-0.468752
0.532,f(x),0.529314
0.532,g(x),0.995904
0.532,f(x)-g(x),-0.46659
0.534,f(x),0.530957
0.534,g(x),0.995376
0.534,f(x)-g(x),-0.464419
0.536,f(x),0.532576
0.536,g(x),0.994816
0.536,f(x)-g(x),-0.46224
0.538,f(x),0.534171
0.538,g(x),0.994224
0.538,f(x)-g(x),-0.460053
0.54,f(x),0.535742
0.54,g(x),0.9936
0.54,f(x)-g(x),-0.457858
0.542,f(x),0.537289
0.542,g(x),0.992944
0.542,f(x)-g(x),-0.455655
0.544,f(x),0.538811
0.544,g(x),0.992256
0.544,f(x)-g(x),-0.453445
0.546,f(x),0.540309
0.546,g(x),0.991536
0.546,f(x)-g(x),-0.451227
0.548,f(x),0.541781
0.548,g(x),0.990784
0.548,f(x)-g(x),-0.449003
0.55,f(x),0.543229
0.55,g(x),0.99
0.55,f(x)-g(x),-0.446771
0.552,f(x),0.544651
0.552,g(x),0.989184
0.552,f(x)-g(x),-0.444533
0.554,f(x),0.546047
0.554,g(x),0.988336
0.554,f(x)-g(x),-0.442289
0.556,f(x),0.547418
0.556,g(x),0.987456
0.556,f(x)-g(x),-0.440038
0.558,f(x),0.548762
0.558,g(x),0.986544
0.558,f(x)-g(x),-0.437782
0.56,f(x),0.550081
0.56,g(x),0.9856
0.56,f(x)-g(x),-0.435519
0.562,f(x),0.551373
0.562,g(x),0.984624
0.562,f(x)-g(x),-0.433251
0.564,f(x),0.552638
0.564,g(x),0.983616
0.564,f(x)-g(x),-0.430978
0.566,f(x),0.553877
0.566,g(x),0.982576
0.566,f(x)-g(x),-0.428699
0.568,f(x),0.555088
0.568,g(x),0.981504
0.568,f(x)-g(x),-0.426416
0.57,f(x),0.556273
0.57,g(x),0.9804
0.57,f(x)-g(x),-0.424127
0.572,f(x),0.557429
0.572,g(x),0.979264
0.572,f(x)-g(x),-0.421835
0.574,f(x),0.558559
0.574,g(x),0.978096
0.574,f(x)-g(x),-0.419537
0.576,f(x),0.55966
0.576,g(x),0.976896
0.576,f(x)-g(x),-0.417236
0.578,f(x),0.560733
0.578,g(x),0.975664
0.578,f(x)-g(x),-0.414931
0.58,f(x),0.561778
0.58,g(x),0.9744
0.58,f(x)-g(x),-0.412622
0.582,f(x),0.562795
0.582,g(x),0.973104
0.582,f(x)-g(x),-0.410309
0.584,f(x),0.563783
0.584,g(x),0.971776
0.584,f(x)-g(x),-0.407993
0.586,f(x),0.564742
0.586,g(x),0.970416
0.586,f(x)-g(x),-0.405674
0.588,f(x),0.565672
0.588,g(x),0.969024
0.588,f(x)-g(x),-0.403352
0.59,f(x),0.566573
0.59,g(x),0.9676
0.59,f(x)-g(x),-0.401027
0.592,f(x),0.567445
0.592,g(x),0.966144
0.592,f(x)-g(x),-0.398699
0.594,f(x),0.568287
0.594,g(x),0.964656
0.594,f(x)-g(x),-0.396369
0.596,f(x),0.569099
0.596,g(x),0.963136
0.596,f(x)-g(x),-0.394037
0.598,f(x),0.569882
0.598,g(x),0.961584
0.598,f(x)-g(x),-0.391702
0.6,f(x),0.570634
0.6,g(x),0.96
0.6,f(x)-g(x),-0.389366
0.602,f(x),0.571356
0.602,g(x),0.958384
0.602,f(x)-g(x),-0.387028
0.604,f(x),0.572047
0.604,g(x),0.956736
0.604,f(x)-g(x),-0.384689
0.606,f(x),0.572708
0.606,g(x),0.955056
0.606,f(x)-g(x),-0.382348
0.608,f(x),0.573338
0.608,g(x),0.953344
0.608,f(x)-g(x),-0.380006
0.61,f(x),0.573937
0.61,g(x),0.9516
0.61,f(x)-g(x),-0.377663
0.612,f(x),0.574505
0.612,g(x),0.949824
0.612,f(x)-g(x),-0.375319
0.614,f(x),0.575042
0.614,g(x),0.948016
0.614,f(x)-g(x),-0.372974
0.616,f(x),0.575547
0.616,g(x),0.946176
0.616,f(x)-g(x),-0.370629
0.618,f(x),0.57602
0.618,g(x),0.944304
0.618,f(x)-g(x),-0.368284
0.62,f(x),0.576461
0.62,g(x),0.9424
0.62,f(x)-g(x),-0.365939
0.622,f(x),0.576871
0.622,g(x),0.940464
0.622,f(x)-g(x),-0.363593
0.624,f(x),0.577248
0.624,g(x),0.938496
0.624,f(x)-g(x),-0.361248
0.626,f(x),0.577593
0.626,g(x),0.936496
0.626,f(x)-g(x),-0.358903
0.628,f(x),0.577906
0.628,g(x),0.934464
0.628,f(x)-g(x),-0.356558
0.63,f(x),0.578185
0.63,g(x),0.9324
0.63,f(x)-g(x),-0.354215
0.632,f(x),0.578432
0.632,g(x),0.930304
0.632,f(x)-g(x),-0.351872
0.634,f(x),0.578646
0.634,g(x),0.928176
0.634,f(x)-g(x),-0.34953
0.636,f(x),0.578827
0.636,g(x),0.926016
0.636,f(x)-g(x),-0.347189
0.638,f(x),0.578975
0.638,g(x),0.923824
0.638,f(x)-g(x),-0.344849
0.64,f(x),0.579089
0.64,g(x),0.9216
0.64,f(x)-g(x),-0.342511
0.642,f(x),0.57917
0.642,g(x),0.919344
0.642,f(x)-g(x),-0.340174
0.644,f(x),0.579217
0.644,g(x),0.917056
0.644,f(x)-g(x),-0.337839
0.646,f(x),0.57923
0.646,g(x),0.914736
0.646,f(x)-g(x),-0.335506
0.648,f(x),0.579209
0.648,g(x),0.912384
0.648,f(x)-g(x),-0.333175
0.65,f(x),0.579154
0.65,g(x),0.91
0.65,f(x)-g(x),-0.330846
0.652,f(x),0.579065
0.652,g(x),0.907584
0.652,f(x)-g(x),-0.328519
0.654,f(x),0.578941
0.654,g(x),0.905136
0.654,f(x)-g(x),-0.326195
0.656,f(x),0.578783
0.656,g(x),0.902656
0.656,f(x)-g(x),-0.323873
0.658,f(x),0.57859
0.658,g(x),0.900144
0.658,f(x)-g(x),-0.321554
0.66,f(x),0.578362
0.66,g(x),0.8976
0.66,f(x)-g(x),-0.319238
0.662,f(x),0.5781
0.662,g(x),0.895024
0.662,f(x)-g(x),-0.316924
0.664,f(x),0.577802
0.664,g(x),0.892416
0.664,f(x)-g(x),-0.314614
0.666,f(x),0.577469
0.666,g(x),0.889776
0.666,f(x)-g(x),-0.312307
0.668,f(x),0.577101
0.668,g(x),0.887104
0.668,f(x)-g(x),-0.310003
0.67,f(x),0.576697
0.67,g(x),0.8844
0.67,f(x)-g(x),-0.307703
0.672,f(x),0.576258
0.672,g(x),0.881664
0.672,f(x)-g(x),-0.305406
0.674,f(x),0.575783
0.674,g(x),0.878896
0.674,f(x)-g(x),-0.303113
0.676,f(x),0.575272
0.676,g(x),0.876096
0.676,f(x)-g(x),-0.300824
0.678,f(x),0.574726
0.678,g(x),0.873264
0.678,f(x)-g(x),-0.298538
0.68,f(x),0.574143
0.68,g(x),0.8704
0.68,f(x)-g(x),-0.296257
0.682,f(x),0.573524
0.682,g(x),0.867504
0.682,f(x)-g(x),-0.29398
0.684,f(x),0.572869
0.684,g(x),0.864576
0.684,f(x)-g(x),-0.291707
0.686,f(x),0.572178
0.686,g(x),0.861616
0.686,f(x)-g(x),-0.289438
0.688,f(x),0.57145
0.688,g(x),0.858624
0.688,f(x)-g(x),-0.287174
0.69,f(x),0.570686
0.69,g(x),0.8556
0.69,f(x)-g(x),-0.284914
0.692,f(x),0.569885
0.692,g(x),0.852544
0.692,f(x)-g(x),-0.282659
0.694,f(x),0.569047
0.694,g(x),0.849456
0.694,f(x)-g(x),-0.280409
0.696,f(x),0.568172
0.696,g(x),0.846336
0.696,f(x)-g(x),-0.278164
0.698,f(x),0.567261
0.698,g(x),0.843184
0.698,f(x)-g(x),-0.275923
0.7,f(x),0.566312
0.7,g(x),0.84
0.7,f(x)-g(x),-0.273688
0.702,f(x),0.565326
0.702,g(x),0.836784
0.702,f(x)-g(x),-0.271458
0.704,f(x),0.564303
0.704,g(x),0.833536
0.704,f(x)-g(x),-0.269233
0.706,f(x),0.563243
0.706,g(x),0.830256
0.706,f(x)-g(x),-0.267013
0.708,f(x),0.562145
0.708,g(x),0.826944
0.708,f(x)-g(x),-0.264799
0.71,f(x),0.56101
0.71,g(x),0.8236
0.71,f(x)-g(x),-0.26259
0.712,f(x),0.559837
0.712,g(x),0.820224
0.712,f(x)-g(x),-0.260387
0.714,f(x),0.558627
0.714,g(x),0.816816
0.714,f(x)-g(x),-0.258189
0.716,f(x),0.557379
0.716,g(x),0.813376
0.716,f(x)-g(x),-0.255997
0.718,f(x),0.556093
0.718,g(x),0.809904
0.718,f(x)-g(x),-0.253811
0.72,f(x),0.55477
0.72,g(x),0.8064
0.72,f(x)-g(x),-0.25163
0.722,f(x),0.553408
0.722,g(x),0.802864
0.722,f(x)-g(x),-0.249456
0.724,f(x),0.552008
0.724,g(x),0.799296
0.724,f(x)-g(x),-0.247288
0.726,f(x),0.550571
0.726,g(x),0.795696
0.726,f(x)-g(x),-0.245125
0.728,f(x),0.549095
0.728,g(x),0.792064
0.728,f(x)-g(x),-0.242969
0.73,f(x),0.547581
0.73,g(x),0.7884
0.73,f(x)-g(x),-0.240819
0.732,f(x),0.546029
0.732,g(x),0.784704
0.732,f(x)-g(x),-0.238675
0.734,f(x),0.544438
0.734,g(x),0.780976
0.734,f(x)-g(x),-0.236538
0.736,f(x),0.54281
0.736,g(x),0.777216
0.736,f(x)-g(x),-0.234406
0.738,f(x),0.541142
0.738,g(x),0.773424
0.738,f(x)-g(x),-0.232282
0.74,f(x),0.539437
0.74,g(x),0.7696
0.74,f(x)-g(x),-0.230163
0.742,f(x),0.537693
0.742,g(x),0.765744
0.742,f(x)-g(x),-0.228051
0.744,f(x),0.53591
0.744,g(x),0.761856
0.744,f(x)-g(x),-0.225946
0.746,f(x),0.534089
0.746,g(x),0.757936
0.746,f(x)-g(x),-0.223847
0.748,f(x),0.532229
0.748,g(x),0.753984
0.748,f(x)-g(x),-0.221755
0.75,f(x),0.53033
0.75,g(x),0.75
0.75,f(x)-g(x),-0.21967
0.752,f(x),0.528393
0.752,g(x),0.745984
0.752,f(x)-g(x),-0.217591
0.754,f(x),0.526417
0.754,g(x),0.741936
0.754,f(x)-g(x),-0.215519
0.756,f(x),0.524402
0.756,g(x),0.737856
0.756,f(x)-g(x),-0.213454
0.758,f(x),0.522348
0.758,g(x),0.733744
0.758,f(x)-g(x),-0.211396
0.76,f(x),0.520256
0.76,g(x),0.7296
0.76,f(x)-g(x),-0.209344
0.762,f(x),0.518124
0.762,g(x),0.725424
0.762,f(x)-g(x),-0.2073
0.764,f(x),0.515954
0.764,g(x),0.721216
0.764,f(x)-g(x),-0.205262
0.766,f(x),0.513745
0.766,g(x),0.716976
0.766,f(x)-g(x),-0.203231
0.768,f(x),0.511497
0.768,g(x),0.712704
0.768,f(x)-g(x),-0.201207
0.77,f(x),0.50921
0.77,g(x),0.7084
0.77,f(x)-g(x),-0.19919
0.772,f(x),0.506884
0.772,g(x),0.704064
0.772,f(x)-g(x),-0.19718
0.774,f(x),0.504519
0.774,g(x),0.699696
0.774,f(x)-g(x),-0.195177
0.776,f(x),0.502115
0.776,g(x),0.695296
0.776,f(x)-g(x),-0.193181
0.778,f(x),0.499673
0.778,g(x),0.690864
0.778,f(x)-g(x),-0.191191
0.78,f(x),0.497191
0.78,g(x),0.6864
0.78,f(x)-g(x),-0.189209
0.782,f(x),0.49467
0.782,g(x),0.681904
0.782,f(x)-g(x),-0.187234
0.784,f(x),0.49211
0.784,g(x),0.677376
0.784,f(x)-g(x),-0.185266
0.786,f(x),0.489511
0.786,g(x),0.672816
0.786,f(x)-g(x),-0.183305
0.788,f(x),0.486873
0.788,g(x),0.668224
0.788,f(x)-g(x),-0.181351
0.79,f(x),0.484197
0.79,g(x),0.6636
0.79,f(x)-g(x),-0.179403
0.792,f(x),0.481481
0.792,g(x),0.658944
0.792,f(x)-g(x),-0.177463
0.794,f(x),0.478726
0.794,g(x),0.654256
0.794,f(x)-g(x),-0.17553
0.796,f(x),0.475932
0.796,g(x),0.649536
0.796,f(x)-g(x),-0.173604
0.798,f(x),0.4731
0.798,g(x),0.644784
0.798,f(x)-g(x),-0.171684
0.8,f(x),0.470228
0.8,g(x),0.64
0.8,f(x)-g(x),-0.169772
0.802,f(x),0.467318
0.802,g(x),0.635184
0.802,f(x)-g(x),-0.167866
0.804,f(x),0.464368
0.804,g(x),0.630336
0.804,f(x)-g(x),-0.165968
0.806,f(x),0.46138
0.806,g(x),0.625456
0.806,f(x)-g(x),-0.164076
0.808,f(x),0.458353
0.808,g(x),0.620544
0.808,f(x)-g(x),-0.162191
0.81,f(x),0.455288
0.81,g(x),0.6156
0.81,f(x)-g(x),-0.160312
0.812,f(x),0.452183
0.812,g(x),0.610624
0.812,f(x)-g(x),-0.158441
0.814,f(x),0.44904
0.814,g(x),0.605616
0.814,f(x)-g(x),-0.156576
0.816,f(x),0.445858
0.816,g(x),0.600576
0.816,f(x)-g(x),-0.154718
0.818,f(x),0.442637
0.818,g(x),0.595504
0.818,f(x)-g(x),-0.152867
0.82,f(x),0.439378
0.82,g(x),0.5904
0.82,f(x)-g(x),-0.151022
0.822,f(x),0.43608
0.822,g(x),0.585264
0.822,f(x)-g(x),-0.149184
0.824,f(x),0.432744
0.824,g(x),0.580096
0.824,f(x)-g(x),-0.147352
0.826,f(x),0.429369
0.826,g(x),0.574896
0.826,f(x)-g(x),-0.145527
0.828,f(x),0.425956
0.828,g(x),0.569664
0.828,f(x)-g(x),-0.143708
0.83,f(x),0.422504
0.83,g(x),0.5644
0.83,f(x)-g(x),-0.141896
0.832,f(x),0.419015
0.832,g(x),0.559104
0.832,f(x)-g(x),-0.140089
0.834,f(x),0.415486
0.834,g(x),0.553776
0.834,f(x)-g(x),-0.13829
0.836,f(x),0.41192
0.836,g(x),0.548416
0.836,f(x)-g(x),-0.136496
0.838,f(x),0.408316
0.838,g(x),0.543024
0.838,f(x)-g(x),-0.134708
0.84,f(x),0.404673
0.84,g(x),0.5376
0.84,f(x)-g(x),-0.132927
0.842,f(x),0.400993
0.842,g(x),0.532144
0.842,f(x)-g(x),-0.131151
0.844,f(x),0.397274
0.844,g(x),0.526656
0.844,f(x)-g(x),-0.129382
0.846,f(x),0.393518
0.846,g(x),0.521136
0.846,f(x)-g(x),-0.127618
0.848,f(x),0.389724
0.848,g(x),0.515584
0.848,f(x)-g(x),-0.12586
0.85,f(x),0.385892
0.85,g(x),0.51
0.85,f(x)-g(x),-0.124108
0.852,f(x),0.382023
0.852,g(x),0.504384
0.852,f(x)-g(x),-0.122361
0.854,f(x),0.378116
0.854,g(x),0.498736
0.854,f(x)-g(x),-0.12062
0.856,f(x),0.374171
0.856,g(x),0.493056
0.856,f(x)-g(x),-0.118885
0.858,f(x),0.370189
0.858,g(x),0.487344
0.858,f(x)-g(x),-0.117155
0.86,f(x),0.36617
0.86,g(x),0.4816
0.86,f(x)-g(x),-0.11543
0.862,f(x),0.362114
0.862,g(x),0.475824
0.862,f(x)-g(x),-0.11371
0.864,f(x),0.358021
0.864,g(x),0.470016
0.864,f(x)-g(x),-0.111995
0.866,f(x),0.35389
0.866,g(x),0.464176
0.866,f(x)-g(x),-0.110286
0.868,f(x),0.349723
0.868,g(x),0.458304
0.868,f(x)-g(x),-0.108581
0.87,f(x),0.345519
0.87,g(x),0.4524
0.87,f(x)-g(x),-0.106881
0.872,f(x),0.341278
0.872,g(x),0.446464
0.872,f(x)-g(x),-0.105186
0.874,f(x),0.337
0.874,g(x),0.440496
0.874,f(x)-g(x),-0.103496
0.876,f(x),0.332686
0.876,g(x),0.434496
0.876,f(x)-g(x),-0.10181
0.878,f(x),0.328336
0.878,g(x),0.428464
0.878,f(x)-g(x),-0.100128
0.88,f(x),0.32395
0.88,g(x),0.4224
0.88,f(x)-g(x),-0.0984504
0.882,f(x),0.319527
0.882,g(x),0.416304
0.882,f(x)-g(x),-0.0967771
0.884,f(x),0.315068
0.884,g(x),0.410176
0.884,f(x)-g(x),-0.0951079
0.886,f(x),0.310573
0.886,g(x),0.404016
0.886,f(x)-g(x),-0.0934426
0.888,f(x),0.306043
0.888,g(x),0.397824
0.888,f(x)-g(x),-0.0917811
0.89,f(x),0.301477
0.89,g(x),0.3916
0.89,f(x)-g(x),-0.0901233
0.892,f(x),0.296875
0.892,g(x),0.385344
0.892,f(x)-g(x),-0.088469
0.894,f(x),0.292238
0.894,g(x),0.379056
0.894,f(x)-g(x),-0.0868181
0.896,f(x),0.287565
0.896,g(x),0.372736
0.896,f(x)-g(x),-0.0851705
0.898,f(x),0.282858
0.898,g(x),0.366384
0.898,f(x)-g(x),-0.0835261
0.9,f(x),0.278115
0.9,g(x),0.36
0.9,f(x)-g(x),-0.0818847
0.902,f(x),0.273338
0.902,g(x),0.353584
0.902,f(x)-g(x),-0.0802462
0.904,f(x),0.268526
0.904,g(x),0.347136
0.904,f(x)-g(x),-0.0786104
0.906,f(x),0.263679
0.906,g(x),0.340656
0.906,f(x)-g(x),-0.0769772
0.908,f(x),0.258797
0.908,g(x),0.334144
0.908,f(x)-g(x),-0.0753465
0.91,f(x),0.253882
0.91,g(x),0.3276
0.91,f(x)-g(x),-0.0737181
0.912,f(x),0.248932
0.912,g(x),0.321024
0.912,f(x)-g(x),-0.0720918
0.914,f(x),0.243948
0.914,g(x),0.314416
0.914,f(x)-g(x),-0.0704676
0.916,f(x),0.238931
0.916,g(x),0.307776
0.916,f(x)-g(x),-0.0688452
0.918,f(x),0.23388
0.918,g(x),0.301104
0.918,f(x)-g(x),-0.0672245
0.92,f(x),0.228795
0.92,g(x),0.2944
0.92,f(x)-g(x),-0.0656053
0.922,f(x),0.223676
0.922,g(x),0.287664
0.922,f(x)-g(x),-0.0639875
0.924,f(x),0.218525
0.924,g(x),0.280896
0.924,f(x)-g(x),-0.0623709
0.926,f(x),0.213341
0.926,g(x),0.274096
0.926,f(x)-g(x),-0.0607554
0.928,f(x),0.208123
0.928,g(x),0.267264
0.928,f(x)-g(x),-0.0591407
0.93,f(x),0.202873
0.93,g(x),0.2604
0.93,f(x)-g(x),-0.0575268
0.932,f(x),0.197591
0.932,g(x),0.253504
0.932,f(x)-g(x),-0.0559134
0.934,f(x),0.192276
0.934,g(x),0.246576
0.934,f(x)-g(x),-0.0543003
0.936,f(x),0.186929
0.936,g(x),0.239616
0.936,f(x)-g(x),-0.0526875
0.938,f(x),0.181549
0.938,g(x),0.232624
0.938,f(x)-g(x),-0.0510746
0.94,f(x),0.176138
0.94,g(x),0.2256
0.94,f(x)-g(x),-0.0494616
0.942,f(x),0.170696
0.942,g(x),0.218544
0.942,f(x)-g(x),-0.0478482
0.944,f(x),0.165222
0.944,g(x),0.211456
0.944,f(x)-g(x),-0.0462342
0.946,f(x),0.159716
0.946,g(x),0.204336
0.946,f(x)-g(x),-0.0446196
0.948,f(x),0.15418
0.948,g(x),0.197184
0.948,f(x)-g(x),-0.043004
0.95,f(x),0.148613
0.95,g(x),0.19
0.95,f(x)-g(x),-0.0413873
0.952,f(x),0.143015
0.952,g(x),0.182784
0.952,f(x)-g(x),-0.0397692
0.954,f(x),0.137386
0.954,g(x),0.175536
0.954,f(x)-g(x),-0.0381497
0.956,f(x),0.131728
0.956,g(x),0.168256
0.956,f(x)-g(x),-0.0365285
0.958,f(x),0.126039
0.958,g(x),0.160944
0.958,f(x)-g(x),-0.0349053
0.96,f(x),0.12032
0.96,g(x),0.1536
0.96,f(x)-g(x),-0.0332801
0.962,f(x),0.114571
0.962,g(x),0.146224
0.962,f(x)-g(x),-0.0316525
0.964,f(x),0.108794
0.964,g(x),0.138816
0.964,f(x)-g(x),-0.0300224
0.966,f(x),0.102986
0.966,g(x),0.131376
0.966,f(x)-g(x),-0.0283896
0.968,f(x),0.0971501
0.968,g(x),0.123904
0.968,f(x)-g(x),-0.0267539
0.97,f(x),0.0912851
0.97,g(x),0.1164
0.97,f(x)-g(x),-0.0251149
0.972,f(x),0.0853914
0.972,g(x),0.108864
0.972,f(x)-g(x),-0.0234726
0.974,f(x),0.0794693
0.974,g(x),0.101296
0.974,f(x)-g(x),-0.0218267
0.976,f(x),0.073519
0.976,g(x),0.093696
0.976,f(x)-g(x),-0.020177
0.978,f(x),0.0675407
0.978,g(x),0.086064
0.978,f(x)-g(x),-0.0185233
0.98,f(x),0.0615347
0.98,g(x),0.0784
0.98,f(x)-g(x),-0.0168653
0.982,f(x),0.0555012
0.982,g(x),0.070704
0.982,f(x)-g(x),-0.0152028
0.984,f(x),0.0494404
0.984,g(x),0.062976
0.984,f(x)-g(x),-0.0135356
0.986,f(x),0.0433526
0.986,g(x),0.055216
0.986,f(x)-g(x),-0.0118634
0.988,f(x),0.0372379
0.988,g(x),0.047424
0.988,f(x)-g(x),-0.0101861
0.99,f(x),0.0310967
0.99,g(x),0.0396
0.99,f(x)-g(x),-0.00850335
0.992,f(x),0.0249291
0.992,g(x),0.031744
0.992,f(x)-g(x),-0.00681495
0.994,f(x),0.0187353
0.994,g(x),0.023856
0.994,f(x)-g(x),-0.00512065
0.996,f(x),0.0125158
0.996,g(x),0.015936
0.996,f(x)-g(x),-0.00342022
0.998,f(x),0.00627058
0.998,g(x),0.007984
0.998,f(x)-g(x),-0.00171342
1,f(x),1.22465e-16
1,g(x),-0
1,f(x)-g(x),1.22465e-16
