experiment,inflection_day,infected_at_inflection,susceptible_at_inflection,recovered_at_inflection,max_daily_increase,peak_day,days_until_peak,peak_infected,remaining_growth,peak_to_inflection_ratio,final_susceptible,final_infectious,final_recovered,total_ever_infected,attack_fraction_percent,attack_fraction_non_vaccinated_percent
1,10,120,6770,110,18,21,11,169,49,1.40833,3229,0,3771,3771,37.71,53.8714
2,10,120,6770,110,18,18,8,138,18,1.15,3743,10,3247,3257,32.57,46.5286
3,10,120,6770,110,18,17,7,165,45,1.375,4135,0,2865,2865,28.65,40.9286
4,10,120,6770,110,18,21,11,163,43,1.35833,3708,0,3292,3292,32.92,47.0286
5,10,120,6770,110,18,24,14,177,57,1.475,3742,13,3245,3258,32.58,46.5429
6,10,120,6770,110,18,20,10,194,74,1.61667,3639,0,3361,3361,33.61,48.0143
7,10,120,6770,110,18,21,11,180,60,1.5,4190,0,2810,2810,28.1,40.1429
8,10,120,6770,110,18,23,13,176,56,1.46667,2492,1,4507,4508,45.08,64.4
9,10,120,6770,110,18,47,37,154,34,1.28333,3550,0,3450,3450,34.5,49.2857
10,10,120,6770,110,18,19,9,152,32,1.26667,2751,40,4209,4249,42.49,60.7
11,10,120,6770,110,18,19,9,139,19,1.15833,4416,0,2584,2584,25.84,36.9143
12,10,120,6770,110,18,16,6,175,55,1.45833,2145,44,4811,4855,48.55,69.3571
13,10,120,6770,110,18,78,68,178,58,1.48333,2857,0,4143,4143,41.43,59.1857
14,10,120,6770,110,18,22,12,176,56,1.46667,3310,27,3663,3690,36.9,52.7143
15,10,120,6770,110,18,26,16,176,56,1.46667,3133,0,3867,3867,38.67,55.2429
16,10,120,6770,110,18,24,14,181,61,1.50833,3635,0,3365,3365,33.65,48.0714
17,10,120,6770,110,18,20,10,159,39,1.325,4652,0,2348,2348,23.48,33.5429
18,10,120,6770,110,18,20,10,167,47,1.39167,4459,0,2541,2541,25.41,36.3
19,10,120,6770,110,18,77,67,172,52,1.43333,2533,11,4456,4467,44.67,63.8143
20,10,120,6770,110,18,24,14,170,50,1.41667,3214,1,3785,3786,37.86,54.0857
21,10,120,6770,110,18,21,11,212,92,1.76667,2179,0,4821,4821,48.21,68.8714
22,10,120,6770,110,18,42,32,167,47,1.39167,3616,0,3384,3384,33.84,48.3429
23,10,120,6770,110,18,20,10,170,50,1.41667,2730,0,4270,4270,42.7,61
24,10,120,6770,110,18,23,13,173,53,1.44167,4598,0,2402,2402,24.02,34.3143
25,10,120,6770,110,18,15,5,173,53,1.44167,3845,0,3155,3155,31.55,45.0714
26,10,120,6770,110,18,47,37,177,57,1.475,3328,0,3672,3672,36.72,52.4571
27,10,120,6770,110,18,21,11,168,48,1.4,3305,0,3695,3695,36.95,52.7857
28,10,120,6770,110,18,18,8,145,25,1.20833,3775,0,3225,3225,32.25,46.0714
29,10,120,6770,110,18,10,0,120,0,1,4054,30,2916,2946,29.46,42.0857
30,10,120,6770,110,18,24,14,194,74,1.61667,3370,0,3630,3630,36.3,51.8571
31,10,120,6770,110,18,18,8,176,56,1.46667,4771,16,2213,2229,22.29,31.8429
32,10,120,6770,110,18,56,46,177,57,1.475,3193,27,3780,3807,38.07,54.3857
33,10,120,6770,110,18,22,12,203,83,1.69167,4964,0,2036,2036,20.36,29.0857
34,10,120,6770,110,18,24,14,131,11,1.09167,3870,0,3130,3130,31.3,44.7143
35,10,120,6770,110,18,45,35,205,85,1.70833,3345,0,3655,3655,36.55,52.2143
36,10,120,6770,110,18,22,12,169,49,1.40833,4980,0,2020,2020,20.2,28.8571
37,10,120,6770,110,18,19,9,159,39,1.325,3328,50,3622,3672,36.72,52.4571
38,10,120,6770,110,18,70,60,194,74,1.61667,2948,0,4052,4052,40.52,57.8857
39,10,120,6770,110,18,79,69,153,33,1.275,2554,22,4424,4446,44.46,63.5143
40,10,120,6770,110,18,42,32,134,14,1.11667,4076,16,2908,2924,29.24,41.7714
41,10,120,6770,110,18,18,8,170,50,1.41667,4252,0,2748,2748,27.48,39.2571
42,10,120,6770,110,18,13,3,121,1,1.00833,3840,6,3154,3160,31.6,45.1429
43,10,120,6770,110,18,19,9,146,26,1.21667,4268,0,2732,2732,27.32,39.0286
44,10,120,6770,110,18,21,11,171,51,1.425,2737,55,4208,4263,42.63,60.9
45,10,120,6770,110,18,23,13,149,29,1.24167,4916,0,2084,2084,20.84,29.7714
46,10,120,6770,110,18,20,10,143,23,1.19167,4472,37,2491,2528,25.28,36.1143
47,10,120,6770,110,18,19,9,195,75,1.625,4177,4,2819,2823,28.23,40.3286
48,10,120,6770,110,18,21,11,182,62,1.51667,4028,0,2972,2972,29.72,42.4571
49,10,120,6770,110,18,18,8,157,37,1.30833,4805,0,2195,2195,21.95,31.3571
50,10,120,6770,110,18,25,15,136,16,1.13333,4279,20,2701,2721,27.21,38.8714
51,10,120,6770,110,18,18,8,139,19,1.15833,4740,0,2260,2260,22.6,32.2857
52,10,120,6770,110,18,18,8,158,38,1.31667,3286,17,3697,3714,37.14,53.0571
53,10,120,6770,110,18,22,12,161,41,1.34167,3169,0,3831,3831,38.31,54.7286
54,10,120,6770,110,18,24,14,155,35,1.29167,3478,0,3522,3522,35.22,50.3143
55,10,120,6770,110,18,75,65,145,25,1.20833,3932,0,3068,3068,30.68,43.8286
56,10,120,6770,110,18,17,7,152,32,1.26667,2695,32,4273,4305,43.05,61.5
57,10,120,6770,110,18,24,14,155,35,1.29167,4351,51,2598,2649,26.49,37.8429
58,10,120,6770,110,18,21,11,169,49,1.40833,3958,0,3042,3042,30.42,43.4571
59,10,120,6770,110,18,22,12,150,30,1.25,4666,0,2334,2334,23.34,33.3429
60,10,120,6770,110,18,16,6,145,25,1.20833,4404,0,2596,2596,25.96,37.0857
61,10,120,6770,110,18,12,2,136,16,1.13333,4071,0,2929,2929,29.29,41.8429
62,10,120,6770,110,18,24,14,159,39,1.325,4623,0,2377,2377,23.77,33.9571
63,10,120,6770,110,18,20,10,168,48,1.4,3120,0,3880,3880,38.8,55.4286
64,10,120,6770,110,18,18,8,166,46,1.38333,3667,26,3307,3333,33.33,47.6143
65,10,120,6770,110,18,19,9,192,72,1.6,4648,0,2352,2352,23.52,33.6
66,10,120,6770,110,18,20,10,195,75,1.625,2575,0,4425,4425,44.25,63.2143
67,10,120,6770,110,18,17,7,171,51,1.425,3527,0,3473,3473,34.73,49.6143
68,10,120,6770,110,18,21,11,149,29,1.24167,3821,4,3175,3179,31.79,45.4143
69,10,120,6770,110,18,24,14,148,28,1.23333,2745,8,4247,4255,42.55,60.7857
70,10,120,6770,110,18,13,3,139,19,1.15833,4211,0,2789,2789,27.89,39.8429
71,10,120,6770,110,18,19,9,149,29,1.24167,3704,0,3296,3296,32.96,47.0857
72,10,120,6770,110,18,61,51,186,66,1.55,2721,0,4279,4279,42.79,61.1286
73,10,120,6770,110,18,20,10,196,76,1.63333,2389,23,4588,4611,46.11,65.8714
74,10,120,6770,110,18,118,108,170,50,1.41667,2475,6,4519,4525,45.25,64.6429
75,10,120,6770,110,18,45,35,186,66,1.55,2305,0,4695,4695,46.95,67.0714
76,10,120,6770,110,18,14,4,151,31,1.25833,5299,0,1701,1701,17.01,24.3
77,10,120,6770,110,18,24,14,162,42,1.35,3953,0,3047,3047,30.47,43.5286
78,10,120,6770,110,18,26,16,177,57,1.475,3723,0,3277,3277,32.77,46.8143
79,10,120,6770,110,18,19,9,195,75,1.625,3214,0,3786,3786,37.86,54.0857
80,10,120,6770,110,18,17,7,156,36,1.3,4165,24,2811,2835,28.35,40.5
81,10,120,6770,110,18,22,12,176,56,1.46667,3245,0,3755,3755,37.55,53.6429
82,10,120,6770,110,18,34,24,180,60,1.5,3181,11,3808,3819,38.19,54.5571
83,10,120,6770,110,18,18,8,165,45,1.375,3661,0,3339,3339,33.39,47.7
84,10,120,6770,110,18,17,7,176,56,1.46667,3838,0,3162,3162,31.62,45.1714
85,10,120,6770,110,18,96,86,189,69,1.575,3111,0,3889,3889,38.89,55.5571
86,10,120,6770,110,18,18,8,189,69,1.575,3227,0,3773,3773,37.73,53.9
87,10,120,6770,110,18,15,5,149,29,1.24167,4263,0,2737,2737,27.37,39.1
88,10,120,6770,110,18,18,8,155,35,1.29167,4416,0,2584,2584,25.84,36.9143
89,10,120,6770,110,18,18,8,163,43,1.35833,3882,13,3105,3118,31.18,44.5429
90,10,120,6770,110,18,20,10,191,71,1.59167,4115,0,2885,2885,28.85,41.2143
91,10,120,6770,110,18,21,11,162,42,1.35,4050,18,2932,2950,29.5,42.1429
92,10,120,6770,110,18,18,8,167,47,1.39167,4278,38,2684,2722,27.22,38.8857
93,10,120,6770,110,18,11,1,131,11,1.09167,4076,0,2924,2924,29.24,41.7714
94,10,120,6770,110,18,20,10,159,39,1.325,4294,0,2706,2706,27.06,38.6571
95,10,120,6770,110,18,20,10,158,38,1.31667,4155,0,2845,2845,28.45,40.6429
96,10,120,6770,110,18,39,29,169,49,1.40833,2724,0,4276,4276,42.76,61.0857
97,10,120,6770,110,18,18,8,159,39,1.325,4585,0,2415,2415,24.15,34.5
98,10,120,6770,110,18,19,9,148,28,1.23333,4253,0,2747,2747,27.47,39.2429
99,10,120,6770,110,18,66,56,166,46,1.38333,2744,20,4236,4256,42.56,60.8
100,10,120,6770,110,18,23,13,187,67,1.55833,3096,39,3865,3904,39.04,55.7714
101,10,120,6770,110,18,18,8,170,50,1.41667,3527,0,3473,3473,34.73,49.6143
102,10,120,6770,110,18,52,42,169,49,1.40833,3866,0,3134,3134,31.34,44.7714
103,10,120,6770,110,18,18,8,181,61,1.50833,2580,23,4397,4420,44.2,63.1429
104,10,120,6770,110,18,21,11,176,56,1.46667,3469,1,3530,3531,35.31,50.4429
105,10,120,6770,110,18,16,6,177,57,1.475,3808,0,3192,3192,31.92,45.6
106,10,120,6770,110,18,23,13,164,44,1.36667,4226,0,2774,2774,27.74,39.6286
107,10,120,6770,110,18,22,12,201,81,1.675,4291,0,2709,2709,27.09,38.7
108,10,120,6770,110,18,19,9,145,25,1.20833,4309,0,2691,2691,26.91,38.4429
109,10,120,6770,110,18,18,8,162,42,1.35,3241,58,3701,3759,37.59,53.7
110,10,120,6770,110,18,20,10,158,38,1.31667,2927,0,4073,4073,40.73,58.1857
111,10,120,6770,110,18,17,7,167,47,1.39167,3541,27,3432,3459,34.59,49.4143
112,10,120,6770,110,18,72,62,182,62,1.51667,2026,0,4974,4974,49.74,71.0571
113,10,120,6770,110,18,24,14,160,40,1.33333,3893,0,3107,3107,31.07,44.3857
114,10,120,6770,110,18,19,9,160,40,1.33333,4851,0,2149,2149,21.49,30.7
115,10,120,6770,110,18,17,7,166,46,1.38333,2418,5,4577,4582,45.82,65.4571
116,10,120,6770,110,18,85,75,197,77,1.64167,2011,0,4989,4989,49.89,71.2714
117,10,120,6770,110,18,17,7,164,44,1.36667,5206,0,1794,1794,17.94,25.6286
118,10,120,6770,110,18,20,10,156,36,1.3,3883,0,3117,3117,31.17,44.5286
119,10,120,6770,110,18,22,12,165,45,1.375,2577,0,4423,4423,44.23,63.1857
120,10,120,6770,110,18,24,14,182,62,1.51667,4139,0,2861,2861,28.61,40.8714
121,10,120,6770,110,18,19,9,174,54,1.45,3809,4,3187,3191,31.91,45.5857
122,10,120,6770,110,18,19,9,161,41,1.34167,3984,0,3016,3016,30.16,43.0857
123,10,120,6770,110,18,12,2,136,16,1.13333,4299,0,2701,2701,27.01,38.5857
124,10,120,6770,110,18,19,9,196,76,1.63333,4000,0,3000,3000,30,42.8571
125,10,120,6770,110,18,19,9,156,36,1.3,3746,24,3230,3254,32.54,46.4857
126,10,120,6770,110,18,19,9,161,41,1.34167,2868,0,4132,4132,41.32,59.0286
127,10,120,6770,110,18,19,9,141,21,1.175,4384,0,2616,2616,26.16,37.3714
128,10,120,6770,110,18,23,13,180,60,1.5,3259,0,3741,3741,37.41,53.4429
129,10,120,6770,110,18,19,9,169,49,1.40833,3811,30,3159,3189,31.89,45.5571
130,10,120,6770,110,18,22,12,165,45,1.375,3049,23,3928,3951,39.51,56.4429
131,10,120,6770,110,18,11,1,129,9,1.075,5167,0,1833,1833,18.33,26.1857
132,10,120,6770,110,18,22,12,177,57,1.475,3769,24,3207,3231,32.31,46.1571
133,10,120,6770,110,18,68,58,160,40,1.33333,3733,0,3267,3267,32.67,46.6714
134,10,120,6770,110,18,11,1,125,5,1.04167,4024,24,2952,2976,29.76,42.5143
135,10,120,6770,110,18,19,9,170,50,1.41667,2987,7,4006,4013,40.13,57.3286
136,10,120,6770,110,18,20,10,169,49,1.40833,3423,17,3560,3577,35.77,51.1
137,10,120,6770,110,18,16,6,161,41,1.34167,3997,0,3003,3003,30.03,42.9
138,10,120,6770,110,18,22,12,186,66,1.55,2604,15,4381,4396,43.96,62.8
139,10,120,6770,110,18,23,13,189,69,1.575,3399,0,3601,3601,36.01,51.4429
140,10,120,6770,110,18,18,8,134,14,1.11667,3904,0,3096,3096,30.96,44.2286
141,10,120,6770,110,18,20,10,195,75,1.625,3985,16,2999,3015,30.15,43.0714
142,10,120,6770,110,18,56,46,159,39,1.325,3347,0,3653,3653,36.53,52.1857
143,10,120,6770,110,18,19,9,181,61,1.50833,3744,0,3256,3256,32.56,46.5143
144,10,120,6770,110,18,26,16,175,55,1.45833,4959,0,2041,2041,20.41,29.1571
145,10,120,6770,110,18,18,8,184,64,1.53333,2404,4,4592,4596,45.96,65.6571
146,10,120,6770,110,18,18,8,177,57,1.475,2725,39,4236,4275,42.75,61.0714
147,10,120,6770,110,18,19,9,169,49,1.40833,4539,0,2461,2461,24.61,35.1571
148,10,120,6770,110,18,35,25,167,47,1.39167,3587,0,3413,3413,34.13,48.7571
149,10,120,6770,110,18,23,13,171,51,1.425,2882,19,4099,4118,41.18,58.8286
150,10,120,6770,110,18,22,12,196,76,1.63333,4372,6,2622,2628,26.28,37.5429
151,10,120,6770,110,18,24,14,180,60,1.5,4381,0,2619,2619,26.19,37.4143
152,10,120,6770,110,18,18,8,158,38,1.31667,4361,0,2639,2639,26.39,37.7
153,10,120,6770,110,18,52,42,189,69,1.575,3175,38,3787,3825,38.25,54.6429
154,10,120,6770,110,18,24,14,147,27,1.225,4747,0,2253,2253,22.53,32.1857
155,10,120,6770,110,18,22,12,173,53,1.44167,2232,0,4768,4768,47.68,68.1143
156,10,120,6770,110,18,16,6,160,40,1.33333,3735,0,3265,3265,32.65,46.6429
157,10,120,6770,110,18,19,9,178,58,1.48333,2286,14,4700,4714,47.14,67.3429
158,10,120,6770,110,18,20,10,144,24,1.2,4555,0,2445,2445,24.45,34.9286
159,10,120,6770,110,18,68,58,175,55,1.45833,2406,10,4584,4594,45.94,65.6286
160,10,120,6770,110,18,57,47,173,53,1.44167,3757,0,3243,3243,32.43,46.3286
161,10,120,6770,110,18,70,60,198,78,1.65,3412,0,3588,3588,35.88,51.2571
162,10,120,6770,110,18,24,14,138,18,1.15,5865,0,1135,1135,11.35,16.2143
163,10,120,6770,110,18,48,38,152,32,1.26667,3196,8,3796,3804,38.04,54.3429
164,10,120,6770,110,18,18,8,178,58,1.48333,4236,0,2764,2764,27.64,39.4857
165,10,120,6770,110,18,23,13,153,33,1.275,5126,0,1874,1874,18.74,26.7714
166,10,120,6770,110,18,22,12,218,98,1.81667,3061,0,3939,3939,39.39,56.2714
167,10,120,6770,110,18,77,67,207,87,1.725,2613,1,4386,4387,43.87,62.6714
168,10,120,6770,110,18,20,10,166,46,1.38333,3867,36,3097,3133,31.33,44.7571
169,10,120,6770,110,18,37,27,190,70,1.58333,3777,0,3223,3223,32.23,46.0429
170,10,120,6770,110,18,27,17,139,19,1.15833,4069,0,2931,2931,29.31,41.8714
171,10,120,6770,110,18,21,11,171,51,1.425,4568,0,2432,2432,24.32,34.7429
172,10,120,6770,110,18,21,11,144,24,1.2,3014,8,3978,3986,39.86,56.9429
173,10,120,6770,110,18,51,41,184,64,1.53333,3975,0,3025,3025,30.25,43.2143
174,10,120,6770,110,18,86,76,198,78,1.65,2051,0,4949,4949,49.49,70.7
175,10,120,6770,110,18,15,5,155,35,1.29167,5008,0,1992,1992,19.92,28.4571
176,10,120,6770,110,18,22,12,161,41,1.34167,4010,0,2990,2990,29.9,42.7143
177,10,120,6770,110,18,10,0,120,0,1,4420,0,2580,2580,25.8,36.8571
178,10,120,6770,110,18,19,9,185,65,1.54167,3951,0,3049,3049,30.49,43.5571
179,10,120,6770,110,18,19,9,160,40,1.33333,3993,0,3007,3007,30.07,42.9571
180,10,120,6770,110,18,22,12,162,42,1.35,3973,38,2989,3027,30.27,43.2429
181,10,120,6770,110,18,17,7,152,32,1.26667,3840,0,3160,3160,31.6,45.1429
182,10,120,6770,110,18,18,8,140,20,1.16667,4408,0,2592,2592,25.92,37.0286
183,10,120,6770,110,18,65,55,222,102,1.85,2337,4,4659,4663,46.63,66.6143
184,10,120,6770,110,18,25,15,146,26,1.21667,3573,0,3427,3427,34.27,48.9571
185,10,120,6770,110,18,20,10,170,50,1.41667,4246,0,2754,2754,27.54,39.3429
186,10,120,6770,110,18,26,16,193,73,1.60833,3091,0,3909,3909,39.09,55.8429
187,10,120,6770,110,18,20,10,191,71,1.59167,2919,0,4081,4081,40.81,58.3
188,10,120,6770,110,18,20,10,147,27,1.225,5609,0,1391,1391,13.91,19.8714
189,10,120,6770,110,18,19,9,175,55,1.45833,3350,0,3650,3650,36.5,52.1429
190,10,120,6770,110,18,18,8,163,43,1.35833,4329,0,2671,2671,26.71,38.1571
191,10,120,6770,110,18,21,11,177,57,1.475,3507,29,3464,3493,34.93,49.9
192,10,120,6770,110,18,16,6,139,19,1.15833,4205,13,2782,2795,27.95,39.9286
193,10,120,6770,110,18,20,10,166,46,1.38333,3997,0,3003,3003,30.03,42.9
194,10,120,6770,110,18,20,10,172,52,1.43333,4141,0,2859,2859,28.59,40.8429
195,10,120,6770,110,18,21,11,192,72,1.6,5195,0,1805,1805,18.05,25.7857
196,10,120,6770,110,18,19,9,196,76,1.63333,3487,0,3513,3513,35.13,50.1857
197,10,120,6770,110,18,18,8,150,30,1.25,3187,14,3799,3813,38.13,54.4714
198,10,120,6770,110,18,19,9,185,65,1.54167,3056,7,3937,3944,39.44,56.3429
199,10,120,6770,110,18,22,12,202,82,1.68333,4658,0,2342,2342,23.42,33.4571
200,10,120,6770,110,18,16,6,145,25,1.20833,4597,0,2403,2403,24.03,34.3286
201,10,120,6770,110,18,23,13,174,54,1.45,3818,6,3176,3182,31.82,45.4571
202,10,120,6770,110,18,19,9,161,41,1.34167,3679,2,3319,3321,33.21,47.4429
203,10,120,6770,110,18,16,6,154,34,1.28333,3381,50,3569,3619,36.19,51.7
204,10,120,6770,110,18,22,12,180,60,1.5,4103,0,2897,2897,28.97,41.3857
205,10,120,6770,110,18,20,10,202,82,1.68333,2155,0,4845,4845,48.45,69.2143
206,10,120,6770,110,18,25,15,174,54,1.45,4230,0,2770,2770,27.7,39.5714
207,10,120,6770,110,18,25,15,154,34,1.28333,3870,0,3130,3130,31.3,44.7143
208,10,120,6770,110,18,21,11,198,78,1.65,2842,0,4158,4158,41.58,59.4
209,10,120,6770,110,18,20,10,155,35,1.29167,3013,0,3987,3987,39.87,56.9571
210,10,120,6770,110,18,18,8,156,36,1.3,4050,0,2950,2950,29.5,42.1429
211,10,120,6770,110,18,21,11,130,10,1.08333,4237,7,2756,2763,27.63,39.4714
212,10,120,6770,110,18,20,10,131,11,1.09167,5986,0,1014,1014,10.14,14.4857
213,10,120,6770,110,18,64,54,171,51,1.425,2838,0,4162,4162,41.62,59.4571
214,10,120,6770,110,18,22,12,175,55,1.45833,2868,0,4132,4132,41.32,59.0286
215,10,120,6770,110,18,19,9,177,57,1.475,3899,4,3097,3101,31.01,44.3
216,10,120,6770,110,18,19,9,181,61,1.50833,3954,0,3046,3046,30.46,43.5143
217,10,120,6770,110,18,19,9,152,32,1.26667,3880,0,3120,3120,31.2,44.5714
218,10,120,6770,110,18,50,40,164,44,1.36667,3691,0,3309,3309,33.09,47.2714
219,10,120,6770,110,18,19,9,167,47,1.39167,3472,8,3520,3528,35.28,50.4
220,10,120,6770,110,18,17,7,166,46,1.38333,5494,0,1506,1506,15.06,21.5143
221,10,120,6770,110,18,20,10,187,67,1.55833,2534,0,4466,4466,44.66,63.8
222,10,120,6770,110,18,16,6,135,15,1.125,5201,0,1799,1799,17.99,25.7
223,10,120,6770,110,18,64,54,135,15,1.125,4578,0,2422,2422,24.22,34.6
224,10,120,6770,110,18,20,10,164,44,1.36667,3827,0,3173,3173,31.73,45.3286
225,10,120,6770,110,18,14,4,155,35,1.29167,3613,40,3347,3387,33.87,48.3857
226,10,120,6770,110,18,20,10,164,44,1.36667,4728,0,2272,2272,22.72,32.4571
227,10,120,6770,110,18,22,12,178,58,1.48333,4968,0,2032,2032,20.32,29.0286
228,10,120,6770,110,18,100,90,164,44,1.36667,3368,0,3632,3632,36.32,51.8857
229,10,120,6770,110,18,21,11,143,23,1.19167,4973,0,2027,2027,20.27,28.9571
230,10,120,6770,110,18,18,8,164,44,1.36667,3948,4,3048,3052,30.52,43.6
231,10,120,6770,110,18,16,6,166,46,1.38333,4349,0,2651,2651,26.51,37.8714
232,10,120,6770,110,18,28,18,164,44,1.36667,3515,28,3457,3485,34.85,49.7857
233,10,120,6770,110,18,24,14,135,15,1.125,4582,0,2418,2418,24.18,34.5429
234,10,120,6770,110,18,49,39,171,51,1.425,2724,0,4276,4276,42.76,61.0857
235,10,120,6770,110,18,18,8,166,46,1.38333,4530,22,2448,2470,24.7,35.2857
236,10,120,6770,110,18,19,9,182,62,1.51667,2752,22,4226,4248,42.48,60.6857
237,10,120,6770,110,18,22,12,155,35,1.29167,3985,0,3015,3015,30.15,43.0714
238,10,120,6770,110,18,22,12,171,51,1.425,3083,0,3917,3917,39.17,55.9571
239,10,120,6770,110,18,86,76,187,67,1.55833,2307,0,4693,4693,46.93,67.0429
240,10,120,6770,110,18,21,11,165,45,1.375,2742,0,4258,4258,42.58,60.8286
241,10,120,6770,110,18,23,13,190,70,1.58333,3564,0,3436,3436,34.36,49.0857
242,10,120,6770,110,18,22,12,180,60,1.5,4757,0,2243,2243,22.43,32.0429
243,10,120,6770,110,18,23,13,185,65,1.54167,4317,0,2683,2683,26.83,38.3286
244,10,120,6770,110,18,19,9,127,7,1.05833,4099,19,2882,2901,29.01,41.4429
245,10,120,6770,110,18,21,11,199,79,1.65833,3889,0,3111,3111,31.11,44.4429
246,10,120,6770,110,18,80,70,194,74,1.61667,2317,0,4683,4683,46.83,66.9
247,10,120,6770,110,18,21,11,178,58,1.48333,3868,31,3101,3132,31.32,44.7429
248,10,120,6770,110,18,18,8,200,80,1.66667,2941,0,4059,4059,40.59,57.9857
249,10,120,6770,110,18,22,12,192,72,1.6,2637,0,4363,4363,43.63,62.3286
250,10,120,6770,110,18,11,1,128,8,1.06667,3671,19,3310,3329,33.29,47.5571
251,10,120,6770,110,18,21,11,163,43,1.35833,5547,0,1453,1453,14.53,20.7571
252,10,120,6770,110,18,20,10,167,47,1.39167,2735,22,4243,4265,42.65,60.9286
253,10,120,6770,110,18,19,9,146,26,1.21667,5211,0,1789,1789,17.89,25.5571
254,10,120,6770,110,18,21,11,155,35,1.29167,4212,0,2788,2788,27.88,39.8286
255,10,120,6770,110,18,32,22,144,24,1.2,4696,0,2304,2304,23.04,32.9143
256,10,120,6770,110,18,17,7,157,37,1.30833,5724,0,1276,1276,12.76,18.2286
257,10,120,6770,110,18,52,42,233,113,1.94167,2898,0,4102,4102,41.02,58.6
258,10,120,6770,110,18,28,18,189,69,1.575,4349,0,2651,2651,26.51,37.8714
259,10,120,6770,110,18,21,11,167,47,1.39167,2453,3,4544,4547,45.47,64.9571
260,10,120,6770,110,18,23,13,201,81,1.675,3942,0,3058,3058,30.58,43.6857
261,10,120,6770,110,18,19,9,184,64,1.53333,3763,0,3237,3237,32.37,46.2429
262,10,120,6770,110,18,16,6,155,35,1.29167,4505,0,2495,2495,24.95,35.6429
263,10,120,6770,110,18,18,8,194,74,1.61667,3980,0,3020,3020,30.2,43.1429
264,10,120,6770,110,18,18,8,152,32,1.26667,2764,0,4236,4236,42.36,60.5143
265,10,120,6770,110,18,21,11,157,37,1.30833,5182,0,1818,1818,18.18,25.9714
266,10,120,6770,110,18,19,9,150,30,1.25,3832,0,3168,3168,31.68,45.2571
267,10,120,6770,110,18,19,9,190,70,1.58333,4117,0,2883,2883,28.83,41.1857
268,10,120,6770,110,18,25,15,152,32,1.26667,2811,19,4170,4189,41.89,59.8429
269,10,120,6770,110,18,21,11,148,28,1.23333,4047,4,2949,2953,29.53,42.1857
270,10,120,6770,110,18,21,11,151,31,1.25833,3697,0,3303,3303,33.03,47.1857
271,10,120,6770,110,18,24,14,147,27,1.225,3364,16,3620,3636,36.36,51.9429
272,10,120,6770,110,18,20,10,184,64,1.53333,3613,0,3387,3387,33.87,48.3857
273,10,120,6770,110,18,20,10,165,45,1.375,3000,11,3989,4000,40,57.1429
274,10,120,6770,110,18,17,7,183,63,1.525,2649,0,4351,4351,43.51,62.1571
275,10,120,6770,110,18,21,11,188,68,1.56667,3588,0,3412,3412,34.12,48.7429
276,10,120,6770,110,18,17,7,166,46,1.38333,4437,0,2563,2563,25.63,36.6143
277,10,120,6770,110,18,20,10,127,7,1.05833,4243,35,2722,2757,27.57,39.3857
278,10,120,6770,110,18,55,45,143,23,1.19167,3636,0,3364,3364,33.64,48.0571
279,10,120,6770,110,18,24,14,174,54,1.45,2761,9,4230,4239,42.39,60.5571
280,10,120,6770,110,18,20,10,172,52,1.43333,4417,0,2583,2583,25.83,36.9
281,10,120,6770,110,18,20,10,167,47,1.39167,4045,0,2955,2955,29.55,42.2143
282,10,120,6770,110,18,22,12,150,30,1.25,5140,0,1860,1860,18.6,26.5714
283,10,120,6770,110,18,21,11,147,27,1.225,3841,17,3142,3159,31.59,45.1286
284,10,120,6770,110,18,27,17,172,52,1.43333,3369,0,3631,3631,36.31,51.8714
285,10,120,6770,110,18,30,20,187,67,1.55833,2672,0,4328,4328,43.28,61.8286
286,10,120,6770,110,18,17,7,135,15,1.125,3760,8,3232,3240,32.4,46.2857
287,10,120,6770,110,18,63,53,213,93,1.775,2575,0,4425,4425,44.25,63.2143
288,10,120,6770,110,18,50,40,186,66,1.55,2227,9,4764,4773,47.73,68.1857
289,10,120,6770,110,18,18,8,136,16,1.13333,3696,0,3304,3304,33.04,47.2
290,10,120,6770,110,18,19,9,199,79,1.65833,2845,0,4155,4155,41.55,59.3571
291,10,120,6770,110,18,23,13,146,26,1.21667,4034,3,2963,2966,29.66,42.3714
292,10,120,6770,110,18,23,13,162,42,1.35,3718,0,3282,3282,32.82,46.8857
293,10,120,6770,110,18,22,12,184,64,1.53333,3993,0,3007,3007,30.07,42.9571
294,10,120,6770,110,18,19,9,181,61,1.50833,3670,0,3330,3330,33.3,47.5714
295,10,120,6770,110,18,22,12,177,57,1.475,5056,0,1944,1944,19.44,27.7714
296,10,120,6770,110,18,15,5,143,23,1.19167,4989,19,1992,2011,20.11,28.7286
297,10,120,6770,110,18,12,2,129,9,1.075,4844,0,2156,2156,21.56,30.8
298,10,120,6770,110,18,18,8,166,46,1.38333,4113,0,2887,2887,28.87,41.2429
299,10,120,6770,110,18,23,13,185,65,1.54167,2055,0,4945,4945,49.45,70.6429
300,10,120,6770,110,18,123,113,177,57,1.475,2081,13,4906,4919,49.19,70.2714
301,10,120,6770,110,18,14,4,134,14,1.11667,4606,0,2394,2394,23.94,34.2
302,10,120,6770,110,18,37,27,196,76,1.63333,3017,31,3952,3983,39.83,56.9
303,10,120,6770,110,18,18,8,183,63,1.525,3043,0,3957,3957,39.57,56.5286
304,10,120,6770,110,18,32,22,143,23,1.19167,4081,6,2913,2919,29.19,41.7
305,10,120,6770,110,18,24,14,174,54,1.45,3248,0,3752,3752,37.52,53.6
306,10,120,6770,110,18,100,90,160,40,1.33333,3809,0,3191,3191,31.91,45.5857
307,10,120,6770,110,18,24,14,151,31,1.25833,4712,0,2288,2288,22.88,32.6857
308,10,120,6770,110,18,20,10,179,59,1.49167,4203,0,2797,2797,27.97,39.9571
309,10,120,6770,110,18,20,10,187,67,1.55833,4183,0,2817,2817,28.17,40.2429
310,10,120,6770,110,18,20,10,184,64,1.53333,3955,0,3045,3045,30.45,43.5
311,10,120,6770,110,18,44,34,191,71,1.59167,2924,23,4053,4076,40.76,58.2286
312,10,120,6770,110,18,21,11,186,66,1.55,3682,0,3318,3318,33.18,47.4
313,10,120,6770,110,18,24,14,177,57,1.475,3309,0,3691,3691,36.91,52.7286
314,10,120,6770,110,18,82,72,144,24,1.2,3409,0,3591,3591,35.91,51.3
315,10,120,6770,110,18,20,10,165,45,1.375,3675,0,3325,3325,33.25,47.5
316,10,120,6770,110,18,17,7,167,47,1.39167,4135,0,2865,2865,28.65,40.9286
317,10,120,6770,110,18,20,10,126,6,1.05,4214,0,2786,2786,27.86,39.8
318,10,120,6770,110,18,21,11,179,59,1.49167,3930,0,3070,3070,30.7,43.8571
319,10,120,6770,110,18,17,7,163,43,1.35833,2775,0,4225,4225,42.25,60.3571
320,10,120,6770,110,18,19,9,167,47,1.39167,4720,0,2280,2280,22.8,32.5714
321,10,120,6770,110,18,21,11,152,32,1.26667,3241,17,3742,3759,37.59,53.7
322,10,120,6770,110,18,23,13,163,43,1.35833,4358,0,2642,2642,26.42,37.7429
323,10,120,6770,110,18,21,11,176,56,1.46667,2983,0,4017,4017,40.17,57.3857
324,10,120,6770,110,18,24,14,172,52,1.43333,2331,0,4669,4669,46.69,66.7
325,10,120,6770,110,18,21,11,156,36,1.3,4203,0,2797,2797,27.97,39.9571
326,10,120,6770,110,18,22,12,184,64,1.53333,4239,2,2759,2761,27.61,39.4429
327,10,120,6770,110,18,15,5,143,23,1.19167,4998,0,2002,2002,20.02,28.6
328,10,120,6770,110,18,20,10,197,77,1.64167,4897,0,2103,2103,21.03,30.0429
329,10,120,6770,110,18,17,7,163,43,1.35833,3548,0,3452,3452,34.52,49.3143
330,10,120,6770,110,18,64,54,173,53,1.44167,3828,0,3172,3172,31.72,45.3143
331,10,120,6770,110,18,60,50,169,49,1.40833,3866,0,3134,3134,31.34,44.7714
332,10,120,6770,110,18,19,9,166,46,1.38333,3954,0,3046,3046,30.46,43.5143
333,10,120,6770,110,18,22,12,205,85,1.70833,4042,0,2958,2958,29.58,42.2571
334,10,120,6770,110,18,30,20,164,44,1.36667,3647,0,3353,3353,33.53,47.9
335,10,120,6770,110,18,19,9,174,54,1.45,4464,0,2536,2536,25.36,36.2286
336,10,120,6770,110,18,17,7,139,19,1.15833,3683,22,3295,3317,33.17,47.3857
337,10,120,6770,110,18,18,8,188,68,1.56667,3033,0,3967,3967,39.67,56.6714
338,10,120,6770,110,18,45,35,212,92,1.76667,2107,32,4861,4893,48.93,69.9
339,10,120,6770,110,18,14,4,154,34,1.28333,3658,0,3342,3342,33.42,47.7429
340,10,120,6770,110,18,21,11,148,28,1.23333,3963,0,3037,3037,30.37,43.3857
341,10,120,6770,110,18,36,26,160,40,1.33333,3892,0,3108,3108,31.08,44.4
342,10,120,6770,110,18,86,76,175,55,1.45833,2383,1,4616,4617,46.17,65.9571
343,10,120,6770,110,18,20,10,171,51,1.425,3435,22,3543,3565,35.65,50.9286
344,10,120,6770,110,18,23,13,190,70,1.58333,3357,39,3604,3643,36.43,52.0429
345,10,120,6770,110,18,31,21,155,35,1.29167,4292,0,2708,2708,27.08,38.6857
346,10,120,6770,110,18,19,9,159,39,1.325,4572,0,2428,2428,24.28,34.6857
347,10,120,6770,110,18,19,9,142,22,1.18333,3935,0,3065,3065,30.65,43.7857
348,10,120,6770,110,18,17,7,148,28,1.23333,4291,0,2709,2709,27.09,38.7
349,10,120,6770,110,18,20,10,193,73,1.60833,3871,0,3129,3129,31.29,44.7
350,10,120,6770,110,18,17,7,159,39,1.325,4023,0,2977,2977,29.77,42.5286
351,10,120,6770,110,18,48,38,208,88,1.73333,3292,0,3708,3708,37.08,52.9714
352,10,120,6770,110,18,22,12,196,76,1.63333,4620,0,2380,2380,23.8,34
353,10,120,6770,110,18,18,8,150,30,1.25,4576,0,2424,2424,24.24,34.6286
354,10,120,6770,110,18,23,13,183,63,1.525,3757,0,3243,3243,32.43,46.3286
355,10,120,6770,110,18,22,12,211,91,1.75833,4217,0,2783,2783,27.83,39.7571
356,10,120,6770,110,18,22,12,181,61,1.50833,3877,0,3123,3123,31.23,44.6143
357,10,120,6770,110,18,17,7,147,27,1.225,3169,37,3794,3831,38.31,54.7286
358,10,120,6770,110,18,19,9,176,56,1.46667,3800,0,3200,3200,32,45.7143
359,10,120,6770,110,18,40,30,159,39,1.325,3030,0,3970,3970,39.7,56.7143
360,10,120,6770,110,18,25,15,135,15,1.125,3555,0,3445,3445,34.45,49.2143
361,10,120,6770,110,18,12,2,138,18,1.15,5335,0,1665,1665,16.65,23.7857
362,10,120,6770,110,18,18,8,151,31,1.25833,4835,0,2165,2165,21.65,30.9286
363,10,120,6770,110,18,18,8,172,52,1.43333,2947,37,4016,4053,40.53,57.9
364,10,120,6770,110,18,17,7,168,48,1.4,2809,8,4183,4191,41.91,59.8714
365,10,120,6770,110,18,19,9,152,32,1.26667,5334,0,1666,1666,16.66,23.8
366,10,120,6770,110,18,16,6,149,29,1.24167,5727,0,1273,1273,12.73,18.1857
367,10,120,6770,110,18,17,7,162,42,1.35,3575,2,3423,3425,34.25,48.9286
368,10,120,6770,110,18,17,7,146,26,1.21667,2671,0,4329,4329,43.29,61.8429
369,10,120,6770,110,18,24,14,174,54,1.45,3260,39,3701,3740,37.4,53.4286
370,10,120,6770,110,18,19,9,161,41,1.34167,2850,109,4041,4150,41.5,59.2857
371,10,120,6770,110,18,16,6,160,40,1.33333,2750,1,4249,4250,42.5,60.7143
372,10,120,6770,110,18,23,13,194,74,1.61667,3648,2,3350,3352,33.52,47.8857
373,10,120,6770,110,18,22,12,146,26,1.21667,4968,0,2032,2032,20.32,29.0286
374,10,120,6770,110,18,27,17,174,54,1.45,3787,0,3213,3213,32.13,45.9
375,10,120,6770,110,18,22,12,172,52,1.43333,3982,0,3018,3018,30.18,43.1143
376,10,120,6770,110,18,22,12,168,48,1.4,3967,0,3033,3033,30.33,43.3286
377,10,120,6770,110,18,128,118,177,57,1.475,1958,0,5042,5042,50.42,72.0286
378,10,120,6770,110,18,23,13,168,48,1.4,4738,0,2262,2262,22.62,32.3143
379,10,120,6770,110,18,14,4,145,25,1.20833,4245,0,2755,2755,27.55,39.3571
380,10,120,6770,110,18,22,12,145,25,1.20833,4359,4,2637,2641,26.41,37.7286
381,10,120,6770,110,18,19,9,139,19,1.15833,3265,47,3688,3735,37.35,53.3571
382,10,120,6770,110,18,19,9,184,64,1.53333,2641,0,4359,4359,43.59,62.2714
383,10,120,6770,110,18,13,3,127,7,1.05833,5215,0,1785,1785,17.85,25.5
384,10,120,6770,110,18,18,8,146,26,1.21667,4538,12,2450,2462,24.62,35.1714
385,10,120,6770,110,18,19,9,184,64,1.53333,4269,0,2731,2731,27.31,39.0143
386,10,120,6770,110,18,19,9,165,45,1.375,3913,16,3071,3087,30.87,44.1
387,10,120,6770,110,18,59,49,199,79,1.65833,2726,0,4274,4274,42.74,61.0571
388,10,120,6770,110,18,19,9,150,30,1.25,5831,0,1169,1169,11.69,16.7
389,10,120,6770,110,18,19,9,197,77,1.64167,3830,0,3170,3170,31.7,45.2857
390,10,120,6770,110,18,52,42,151,31,1.25833,4366,0,2634,2634,26.34,37.6286
391,10,120,6770,110,18,21,11,161,41,1.34167,5057,0,1943,1943,19.43,27.7571
392,10,120,6770,110,18,20,10,183,63,1.525,5078,0,1922,1922,19.22,27.4571
393,10,120,6770,110,18,21,11,176,56,1.46667,2447,33,4520,4553,45.53,65.0429
394,10,120,6770,110,18,19,9,151,31,1.25833,4995,0,2005,2005,20.05,28.6429
395,10,120,6770,110,18,20,10,183,63,1.525,2257,29,4714,4743,47.43,67.7571
396,10,120,6770,110,18,17,7,143,23,1.19167,5865,0,1135,1135,11.35,16.2143
397,10,120,6770,110,18,19,9,176,56,1.46667,5250,0,1750,1750,17.5,25
398,10,120,6770,110,18,20,10,190,70,1.58333,2531,13,4456,4469,44.69,63.8429
399,10,120,6770,110,18,22,12,152,32,1.26667,4223,0,2777,2777,27.77,39.6714
400,10,120,6770,110,18,21,11,157,37,1.30833,3494,0,3506,3506,35.06,50.0857
401,10,120,6770,110,18,19,9,161,41,1.34167,4949,0,2051,2051,20.51,29.3
402,10,120,6770,110,18,18,8,146,26,1.21667,5257,0,1743,1743,17.43,24.9
403,10,120,6770,110,18,21,11,185,65,1.54167,3194,12,3794,3806,38.06,54.3714
404,10,120,6770,110,18,19,9,164,44,1.36667,4250,0,2750,2750,27.5,39.2857
405,10,120,6770,110,18,19,9,194,74,1.61667,4927,0,2073,2073,20.73,29.6143
406,10,120,6770,110,18,21,11,181,61,1.50833,3542,0,3458,3458,34.58,49.4
407,10,120,6770,110,18,19,9,181,61,1.50833,3333,0,3667,3667,36.67,52.3857
408,10,120,6770,110,18,13,3,147,27,1.225,3929,40,3031,3071,30.71,43.8714
409,10,120,6770,110,18,54,44,163,43,1.35833,3814,0,3186,3186,31.86,45.5143
410,10,120,6770,110,18,16,6,140,20,1.16667,4088,0,2912,2912,29.12,41.6
411,10,120,6770,110,18,19,9,168,48,1.4,3788,0,3212,3212,32.12,45.8857
412,10,120,6770,110,18,21,11,154,34,1.28333,4097,0,2903,2903,29.03,41.4714
413,10,120,6770,110,18,19,9,161,41,1.34167,4356,0,2644,2644,26.44,37.7714
414,10,120,6770,110,18,19,9,222,102,1.85,2458,0,4542,4542,45.42,64.8857
415,10,120,6770,110,18,67,57,160,40,1.33333,3041,0,3959,3959,39.59,56.5571
416,10,120,6770,110,18,16,6,155,35,1.29167,3925,0,3075,3075,30.75,43.9286
417,10,120,6770,110,18,18,8,184,64,1.53333,4957,0,2043,2043,20.43,29.1857
418,10,120,6770,110,18,46,36,176,56,1.46667,4144,0,2856,2856,28.56,40.8
419,10,120,6770,110,18,21,11,176,56,1.46667,4775,0,2225,2225,22.25,31.7857
420,10,120,6770,110,18,22,12,149,29,1.24167,4439,0,2561,2561,25.61,36.5857
421,10,120,6770,110,18,20,10,174,54,1.45,4747,40,2213,2253,22.53,32.1857
422,10,120,6770,110,18,13,3,138,18,1.15,5001,0,1999,1999,19.99,28.5571
423,10,120,6770,110,18,19,9,185,65,1.54167,3272,53,3675,3728,37.28,53.2571
424,10,120,6770,110,18,28,18,142,22,1.18333,4546,0,2454,2454,24.54,35.0571
425,10,120,6770,110,18,12,2,143,23,1.19167,3668,12,3320,3332,33.32,47.6
426,10,120,6770,110,18,20,10,136,16,1.13333,5144,0,1856,1856,18.56,26.5143
427,10,120,6770,110,18,24,14,181,61,1.50833,4909,0,2091,2091,20.91,29.8714
428,10,120,6770,110,18,26,16,188,68,1.56667,3518,0,3482,3482,34.82,49.7429
429,10,120,6770,110,18,45,35,199,79,1.65833,3915,0,3085,3085,30.85,44.0714
430,10,120,6770,110,18,16,6,141,21,1.175,4128,14,2858,2872,28.72,41.0286
431,10,120,6770,110,18,21,11,152,32,1.26667,4429,12,2559,2571,25.71,36.7286
432,10,120,6770,110,18,22,12,192,72,1.6,2049,43,4908,4951,49.51,70.7286
433,10,120,6770,110,18,15,5,158,38,1.31667,2841,34,4125,4159,41.59,59.4143
434,10,120,6770,110,18,20,10,178,58,1.48333,4571,0,2429,2429,24.29,34.7
435,10,120,6770,110,18,26,16,184,64,1.53333,4639,0,2361,2361,23.61,33.7286
436,10,120,6770,110,18,104,94,175,55,1.45833,3360,0,3640,3640,36.4,52
437,10,120,6770,110,18,21,11,161,41,1.34167,4486,0,2514,2514,25.14,35.9143
438,10,120,6770,110,18,48,38,164,44,1.36667,3338,0,3662,3662,36.62,52.3143
439,10,120,6770,110,18,49,39,176,56,1.46667,2984,11,4005,4016,40.16,57.3714
440,10,120,6770,110,18,21,11,180,60,1.5,4016,0,2984,2984,29.84,42.6286
441,10,120,6770,110,18,43,33,164,44,1.36667,3611,0,3389,3389,33.89,48.4143
442,10,120,6770,110,18,16,6,163,43,1.35833,3920,0,3080,3080,30.8,44
443,10,120,6770,110,18,24,14,144,24,1.2,4991,0,2009,2009,20.09,28.7
444,10,120,6770,110,18,19,9,149,29,1.24167,4095,0,2905,2905,29.05,41.5
445,10,120,6770,110,18,17,7,165,45,1.375,4447,0,2553,2553,25.53,36.4714
446,10,120,6770,110,18,16,6,187,67,1.55833,3713,0,3287,3287,32.87,46.9571
447,10,120,6770,110,18,21,11,209,89,1.74167,3620,0,3380,3380,33.8,48.2857
448,10,120,6770,110,18,21,11,172,52,1.43333,3909,0,3091,3091,30.91,44.1571
449,10,120,6770,110,18,20,10,161,41,1.34167,4148,0,2852,2852,28.52,40.7429
450,10,120,6770,110,18,18,8,187,67,1.55833,3856,0,3144,3144,31.44,44.9143
451,10,120,6770,110,18,20,10,193,73,1.60833,3827,0,3173,3173,31.73,45.3286
452,10,120,6770,110,18,52,42,187,67,1.55833,2524,0,4476,4476,44.76,63.9429
453,10,120,6770,110,18,82,72,174,54,1.45,3474,0,3526,3526,35.26,50.3714
454,10,120,6770,110,18,18,8,141,21,1.175,4659,0,2341,2341,23.41,33.4429
455,10,120,6770,110,18,17,7,163,43,1.35833,4446,0,2554,2554,25.54,36.4857
456,10,120,6770,110,18,21,11,181,61,1.50833,2514,28,4458,4486,44.86,64.0857
457,10,120,6770,110,18,22,12,197,77,1.64167,4670,0,2330,2330,23.3,33.2857
458,10,120,6770,110,18,49,39,181,61,1.50833,3502,0,3498,3498,34.98,49.9714
459,10,120,6770,110,18,15,5,148,28,1.23333,3160,0,3840,3840,38.4,54.8571
460,10,120,6770,110,18,24,14,148,28,1.23333,4152,0,2848,2848,28.48,40.6857
461,10,120,6770,110,18,43,33,183,63,1.525,3595,0,3405,3405,34.05,48.6429
462,10,120,6770,110,18,46,36,155,35,1.29167,3632,0,3368,3368,33.68,48.1143
463,10,120,6770,110,18,23,13,179,59,1.49167,2403,0,4597,4597,45.97,65.6714
464,10,120,6770,110,18,21,11,129,9,1.075,3342,14,3644,3658,36.58,52.2571
465,10,120,6770,110,18,20,10,172,52,1.43333,3278,0,3722,3722,37.22,53.1714
466,10,120,6770,110,18,21,11,177,57,1.475,2352,17,4631,4648,46.48,66.4
467,10,120,6770,110,18,69,59,180,60,1.5,3956,0,3044,3044,30.44,43.4857
468,10,120,6770,110,18,41,31,141,21,1.175,3529,7,3464,3471,34.71,49.5857
469,10,120,6770,110,18,26,16,163,43,1.35833,4059,0,2941,2941,29.41,42.0143
470,10,120,6770,110,18,16,6,175,55,1.45833,4026,0,2974,2974,29.74,42.4857
471,10,120,6770,110,18,18,8,173,53,1.44167,3668,0,3332,3332,33.32,47.6
472,10,120,6770,110,18,13,3,122,2,1.01667,4306,14,2680,2694,26.94,38.4857
473,10,120,6770,110,18,17,7,162,42,1.35,3972,0,3028,3028,30.28,43.2571
474,10,120,6770,110,18,22,12,155,35,1.29167,4957,0,2043,2043,20.43,29.1857
475,10,120,6770,110,18,21,11,157,37,1.30833,3677,0,3323,3323,33.23,47.4714
476,10,120,6770,110,18,51,41,180,60,1.5,2854,0,4146,4146,41.46,59.2286
477,10,120,6770,110,18,18,8,191,71,1.59167,3784,0,3216,3216,32.16,45.9429
478,10,120,6770,110,18,17,7,172,52,1.43333,4413,0,2587,2587,25.87,36.9571
479,10,120,6770,110,18,21,11,185,65,1.54167,3159,59,3782,3841,38.41,54.8714
480,10,120,6770,110,18,29,19,160,40,1.33333,3400,10,3590,3600,36,51.4286
481,10,120,6770,110,18,23,13,183,63,1.525,2924,7,4069,4076,40.76,58.2286
482,10,120,6770,110,18,20,10,182,62,1.51667,3337,0,3663,3663,36.63,52.3286
483,10,120,6770,110,18,19,9,178,58,1.48333,4345,0,2655,2655,26.55,37.9286
484,10,120,6770,110,18,20,10,186,66,1.55,3006,64,3930,3994,39.94,57.0571
485,10,120,6770,110,18,15,5,146,26,1.21667,3902,13,3085,3098,30.98,44.2571
486,10,120,6770,110,18,21,11,163,43,1.35833,3249,0,3751,3751,37.51,53.5857
487,10,120,6770,110,18,76,66,158,38,1.31667,2595,0,4405,4405,44.05,62.9286
488,10,120,6770,110,18,18,8,137,17,1.14167,4862,0,2138,2138,21.38,30.5429
489,10,120,6770,110,18,38,28,178,58,1.48333,4360,0,2640,2640,26.4,37.7143
490,10,120,6770,110,18,84,74,156,36,1.3,2928,2,4070,4072,40.72,58.1714
491,10,120,6770,110,18,14,4,136,16,1.13333,4405,0,2595,2595,25.95,37.0714
492,10,120,6770,110,18,22,12,159,39,1.325,3132,49,3819,3868,38.68,55.2571
493,10,120,6770,110,18,24,14,181,61,1.50833,3935,0,3065,3065,30.65,43.7857
494,10,120,6770,110,18,18,8,176,56,1.46667,3518,0,3482,3482,34.82,49.7429
495,10,120,6770,110,18,20,10,169,49,1.40833,2432,49,4519,4568,45.68,65.2571
496,10,120,6770,110,18,20,10,161,41,1.34167,4993,0,2007,2007,20.07,28.6714
497,10,120,6770,110,18,21,11,189,69,1.575,2272,2,4726,4728,47.28,67.5429
498,10,120,6770,110,18,84,74,140,20,1.16667,4140,0,2860,2860,28.6,40.8571
499,10,120,6770,110,18,24,14,151,31,1.25833,4430,3,2567,2570,25.7,36.7143
500,10,120,6770,110,18,28,18,183,63,1.525,4459,0,2541,2541,25.41,36.3
501,10,120,6770,110,18,31,21,176,56,1.46667,3448,0,3552,3552,35.52,50.7429
502,10,120,6770,110,18,22,12,178,58,1.48333,3978,0,3022,3022,30.22,43.1714
503,10,120,6770,110,18,24,14,158,38,1.31667,3808,0,3192,3192,31.92,45.6
504,10,120,6770,110,18,12,2,136,16,1.13333,4603,8,2389,2397,23.97,34.2429
505,10,120,6770,110,18,41,31,200,80,1.66667,3035,20,3945,3965,39.65,56.6429
506,10,120,6770,110,18,22,12,155,35,1.29167,4231,0,2769,2769,27.69,39.5571
507,10,120,6770,110,18,18,8,160,40,1.33333,3862,44,3094,3138,31.38,44.8286
508,10,120,6770,110,18,24,14,149,29,1.24167,4559,0,2441,2441,24.41,34.8714
509,10,120,6770,110,18,19,9,152,32,1.26667,4887,0,2113,2113,21.13,30.1857
510,10,120,6770,110,18,48,38,216,96,1.8,2314,0,4686,4686,46.86,66.9429
511,10,120,6770,110,18,21,11,180,60,1.5,2925,13,4062,4075,40.75,58.2143
512,10,120,6770,110,18,20,10,168,48,1.4,3463,6,3531,3537,35.37,50.5286
513,10,120,6770,110,18,19,9,136,16,1.13333,4174,22,2804,2826,28.26,40.3714
514,10,120,6770,110,18,19,9,185,65,1.54167,5158,0,1842,1842,18.42,26.3143
515,10,120,6770,110,18,29,19,170,50,1.41667,2896,2,4102,4104,41.04,58.6286
516,10,120,6770,110,18,66,56,173,53,1.44167,2451,13,4536,4549,45.49,64.9857
517,10,120,6770,110,18,21,11,168,48,1.4,4013,0,2987,2987,29.87,42.6714
518,10,120,6770,110,18,18,8,170,50,1.41667,3608,13,3379,3392,33.92,48.4571
519,10,120,6770,110,18,19,9,151,31,1.25833,5616,0,1384,1384,13.84,19.7714
520,10,120,6770,110,18,17,7,158,38,1.31667,4222,0,2778,2778,27.78,39.6857
521,10,120,6770,110,18,22,12,141,21,1.175,3021,26,3953,3979,39.79,56.8429
522,10,120,6770,110,18,45,35,189,69,1.575,2518,0,4482,4482,44.82,64.0286
523,10,120,6770,110,18,22,12,175,55,1.45833,2979,0,4021,4021,40.21,57.4429
524,10,120,6770,110,18,17,7,184,64,1.53333,3825,1,3174,3175,31.75,45.3571
525,10,120,6770,110,18,18,8,146,26,1.21667,4369,1,2630,2631,26.31,37.5857
526,10,120,6770,110,18,25,15,157,37,1.30833,3563,12,3425,3437,34.37,49.1
527,10,120,6770,110,18,17,7,153,33,1.275,4546,0,2454,2454,24.54,35.0571
528,10,120,6770,110,18,21,11,192,72,1.6,3266,0,3734,3734,37.34,53.3429
529,10,120,6770,110,18,18,8,149,29,1.24167,4128,1,2871,2872,28.72,41.0286
530,10,120,6770,110,18,49,39,161,41,1.34167,3514,0,3486,3486,34.86,49.8
531,10,120,6770,110,18,22,12,156,36,1.3,2710,2,4288,4290,42.9,61.2857
532,10,120,6770,110,18,27,17,177,57,1.475,3697,0,3303,3303,33.03,47.1857
533,10,120,6770,110,18,17,7,161,41,1.34167,3769,0,3231,3231,32.31,46.1571
534,10,120,6770,110,18,21,11,165,45,1.375,2790,30,4180,4210,42.1,60.1429
535,10,120,6770,110,18,29,19,188,68,1.56667,4022,0,2978,2978,29.78,42.5429
536,10,120,6770,110,18,17,7,143,23,1.19167,3137,27,3836,3863,38.63,55.1857
537,10,120,6770,110,18,15,5,144,24,1.2,4657,0,2343,2343,23.43,33.4714
538,10,120,6770,110,18,19,9,158,38,1.31667,4897,0,2103,2103,21.03,30.0429
539,10,120,6770,110,18,17,7,157,37,1.30833,3924,11,3065,3076,30.76,43.9429
540,10,120,6770,110,18,23,13,195,75,1.625,2770,1,4229,4230,42.3,60.4286
541,10,120,6770,110,18,19,9,153,33,1.275,4345,0,2655,2655,26.55,37.9286
542,10,120,6770,110,18,24,14,163,43,1.35833,3714,0,3286,3286,32.86,46.9429
543,10,120,6770,110,18,16,6,142,22,1.18333,2762,35,4203,4238,42.38,60.5429
544,10,120,6770,110,18,20,10,142,22,1.18333,3935,0,3065,3065,30.65,43.7857
545,10,120,6770,110,18,17,7,157,37,1.30833,3931,0,3069,3069,30.69,43.8429
546,10,120,6770,110,18,24,14,172,52,1.43333,4126,35,2839,2874,28.74,41.0571
547,10,120,6770,110,18,18,8,161,41,1.34167,3691,42,3267,3309,33.09,47.2714
548,10,120,6770,110,18,19,9,176,56,1.46667,4022,8,2970,2978,29.78,42.5429
549,10,120,6770,110,18,27,17,185,65,1.54167,3626,0,3374,3374,33.74,48.2
550,10,120,6770,110,18,19,9,180,60,1.5,3998,0,3002,3002,30.02,42.8857
551,10,120,6770,110,18,16,6,160,40,1.33333,4808,10,2182,2192,21.92,31.3143
552,10,120,6770,110,18,20,10,169,49,1.40833,3814,0,3186,3186,31.86,45.5143
553,10,120,6770,110,18,16,6,156,36,1.3,2964,30,4006,4036,40.36,57.6571
554,10,120,6770,110,18,19,9,160,40,1.33333,4924,0,2076,2076,20.76,29.6571
555,10,120,6770,110,18,44,34,155,35,1.29167,3778,0,3222,3222,32.22,46.0286
556,10,120,6770,110,18,18,8,158,38,1.31667,5444,0,1556,1556,15.56,22.2286
557,10,120,6770,110,18,26,16,145,25,1.20833,3327,1,3672,3673,36.73,52.4714
558,10,120,6770,110,18,18,8,153,33,1.275,3686,13,3301,3314,33.14,47.3429
559,10,120,6770,110,18,49,39,188,68,1.56667,2565,0,4435,4435,44.35,63.3571
560,10,120,6770,110,18,21,11,207,87,1.725,3236,0,3764,3764,37.64,53.7714
561,10,120,6770,110,18,17,7,183,63,1.525,2148,0,4852,4852,48.52,69.3143
562,10,120,6770,110,18,22,12,147,27,1.225,3419,0,3581,3581,35.81,51.1571
563,10,120,6770,110,18,17,7,162,42,1.35,3346,0,3654,3654,36.54,52.2
564,10,120,6770,110,18,19,9,155,35,1.29167,4344,0,2656,2656,26.56,37.9429
565,10,120,6770,110,18,19,9,179,59,1.49167,3841,0,3159,3159,31.59,45.1286
566,10,120,6770,110,18,17,7,180,60,1.5,5254,0,1746,1746,17.46,24.9429
567,10,120,6770,110,18,18,8,181,61,1.50833,3741,1,3258,3259,32.59,46.5571
568,10,120,6770,110,18,22,12,167,47,1.39167,2573,29,4398,4427,44.27,63.2429
569,10,120,6770,110,18,20,10,178,58,1.48333,3903,0,3097,3097,30.97,44.2429
570,10,120,6770,110,18,19,9,150,30,1.25,4206,0,2794,2794,27.94,39.9143
571,10,120,6770,110,18,18,8,158,38,1.31667,2594,27,4379,4406,44.06,62.9429
572,10,120,6770,110,18,43,33,175,55,1.45833,2564,0,4436,4436,44.36,63.3714
573,10,120,6770,110,18,20,10,181,61,1.50833,3881,0,3119,3119,31.19,44.5571
574,10,120,6770,110,18,18,8,161,41,1.34167,2986,5,4009,4014,40.14,57.3429
575,10,120,6770,110,18,21,11,168,48,1.4,4015,0,2985,2985,29.85,42.6429
576,10,120,6770,110,18,18,8,164,44,1.36667,2526,0,4474,4474,44.74,63.9143
577,10,120,6770,110,18,16,6,141,21,1.175,5225,0,1775,1775,17.75,25.3571
578,10,120,6770,110,18,19,9,166,46,1.38333,3106,0,3894,3894,38.94,55.6286
579,10,120,6770,110,18,17,7,149,29,1.24167,3333,30,3637,3667,36.67,52.3857
580,10,120,6770,110,18,28,18,166,46,1.38333,3345,7,3648,3655,36.55,52.2143
581,10,120,6770,110,18,20,10,201,81,1.675,3697,0,3303,3303,33.03,47.1857
582,10,120,6770,110,18,17,7,158,38,1.31667,4504,0,2496,2496,24.96,35.6571
583,10,120,6770,110,18,63,53,185,65,1.54167,2847,7,4146,4153,41.53,59.3286
584,10,120,6770,110,18,24,14,172,52,1.43333,2910,21,4069,4090,40.9,58.4286
585,10,120,6770,110,18,19,9,181,61,1.50833,3653,4,3343,3347,33.47,47.8143
586,10,120,6770,110,18,19,9,151,31,1.25833,3824,0,3176,3176,31.76,45.3714
587,10,120,6770,110,18,16,6,167,47,1.39167,4558,0,2442,2442,24.42,34.8857
588,10,120,6770,110,18,46,36,171,51,1.425,3003,0,3997,3997,39.97,57.1
589,10,120,6770,110,18,22,12,179,59,1.49167,3336,11,3653,3664,36.64,52.3429
590,10,120,6770,110,18,24,14,150,30,1.25,4755,26,2219,2245,22.45,32.0714
591,10,120,6770,110,18,21,11,136,16,1.13333,2997,26,3977,4003,40.03,57.1857
592,10,120,6770,110,18,20,10,185,65,1.54167,2700,27,4273,4300,43,61.4286
593,10,120,6770,110,18,22,12,192,72,1.6,2913,0,4087,4087,40.87,58.3857
594,10,120,6770,110,18,19,9,153,33,1.275,4657,0,2343,2343,23.43,33.4714
595,10,120,6770,110,18,50,40,132,12,1.1,3981,18,3001,3019,30.19,43.1286
596,10,120,6770,110,18,56,46,170,50,1.41667,4546,0,2454,2454,24.54,35.0571
597,10,120,6770,110,18,20,10,189,69,1.575,3117,0,3883,3883,38.83,55.4714
598,10,120,6770,110,18,25,15,157,37,1.30833,2712,37,4251,4288,42.88,61.2571
599,10,120,6770,110,18,27,17,179,59,1.49167,3334,0,3666,3666,36.66,52.3714
600,10,120,6770,110,18,18,8,170,50,1.41667,3704,8,3288,3296,32.96,47.0857
601,10,120,6770,110,18,18,8,175,55,1.45833,3639,0,3361,3361,33.61,48.0143
602,10,120,6770,110,18,17,7,172,52,1.43333,4381,0,2619,2619,26.19,37.4143
603,10,120,6770,110,18,16,6,169,49,1.40833,3201,0,3799,3799,37.99,54.2714
604,10,120,6770,110,18,53,43,178,58,1.48333,3222,0,3778,3778,37.78,53.9714
605,10,120,6770,110,18,16,6,155,35,1.29167,5294,0,1706,1706,17.06,24.3714
606,10,120,6770,110,18,13,3,130,10,1.08333,2704,4,4292,4296,42.96,61.3714
607,10,120,6770,110,18,16,6,158,38,1.31667,3537,36,3427,3463,34.63,49.4714
608,10,120,6770,110,18,53,43,185,65,1.54167,2911,15,4074,4089,40.89,58.4143
609,10,120,6770,110,18,22,12,175,55,1.45833,3827,0,3173,3173,31.73,45.3286
610,10,120,6770,110,18,17,7,168,48,1.4,3396,0,3604,3604,36.04,51.4857
611,10,120,6770,110,18,25,15,172,52,1.43333,3763,28,3209,3237,32.37,46.2429
612,10,120,6770,110,18,19,9,219,99,1.825,3657,0,3343,3343,33.43,47.7571
613,10,120,6770,110,18,19,9,193,73,1.60833,3418,38,3544,3582,35.82,51.1714
614,10,120,6770,110,18,44,34,178,58,1.48333,2782,0,4218,4218,42.18,60.2571
615,10,120,6770,110,18,18,8,162,42,1.35,2211,19,4770,4789,47.89,68.4143
616,10,120,6770,110,18,20,10,157,37,1.30833,4703,0,2297,2297,22.97,32.8143
617,10,120,6770,110,18,21,11,141,21,1.175,4152,0,2848,2848,28.48,40.6857
618,10,120,6770,110,18,17,7,154,34,1.28333,4578,0,2422,2422,24.22,34.6
619,10,120,6770,110,18,22,12,157,37,1.30833,2871,1,4128,4129,41.29,58.9857
620,10,120,6770,110,18,27,17,187,67,1.55833,2314,10,4676,4686,46.86,66.9429
621,10,120,6770,110,18,22,12,189,69,1.575,4842,0,2158,2158,21.58,30.8286
622,10,120,6770,110,18,22,12,148,28,1.23333,4002,0,2998,2998,29.98,42.8286
623,10,120,6770,110,18,21,11,165,45,1.375,3981,0,3019,3019,30.19,43.1286
624,10,120,6770,110,18,88,78,161,41,1.34167,2979,0,4021,4021,40.21,57.4429
625,10,120,6770,110,18,19,9,174,54,1.45,3011,0,3989,3989,39.89,56.9857
626,10,120,6770,110,18,22,12,197,77,1.64167,2500,0,4500,4500,45,64.2857
627,10,120,6770,110,18,19,9,165,45,1.375,3831,0,3169,3169,31.69,45.2714
628,10,120,6770,110,18,16,6,134,14,1.11667,4740,0,2260,2260,22.6,32.2857
629,10,120,6770,110,18,22,12,172,52,1.43333,5367,0,1633,1633,16.33,23.3286
630,10,120,6770,110,18,50,40,166,46,1.38333,3692,0,3308,3308,33.08,47.2571
631,10,120,6770,110,18,54,44,154,34,1.28333,2309,23,4668,4691,46.91,67.0143
632,10,120,6770,110,18,22,12,164,44,1.36667,4168,0,2832,2832,28.32,40.4571
633,10,120,6770,110,18,18,8,155,35,1.29167,4264,0,2736,2736,27.36,39.0857
634,10,120,6770,110,18,21,11,175,55,1.45833,3318,0,3682,3682,36.82,52.6
635,10,120,6770,110,18,20,10,130,10,1.08333,5106,0,1894,1894,18.94,27.0571
636,10,120,6770,110,18,58,48,206,86,1.71667,3209,0,3791,3791,37.91,54.1571
637,10,120,6770,110,18,50,40,187,67,1.55833,2333,0,4667,4667,46.67,66.6714
638,10,120,6770,110,18,16,6,193,73,1.60833,4148,0,2852,2852,28.52,40.7429
639,10,120,6770,110,18,20,10,144,24,1.2,4735,0,2265,2265,22.65,32.3571
640,10,120,6770,110,18,17,7,169,49,1.40833,4847,0,2153,2153,21.53,30.7571
641,10,120,6770,110,18,17,7,134,14,1.11667,4203,0,2797,2797,27.97,39.9571
642,10,120,6770,110,18,22,12,166,46,1.38333,3211,0,3789,3789,37.89,54.1286
643,10,120,6770,110,18,19,9,175,55,1.45833,2970,0,4030,4030,40.3,57.5714
644,10,120,6770,110,18,17,7,172,52,1.43333,4489,0,2511,2511,25.11,35.8714
645,10,120,6770,110,18,73,63,180,60,1.5,2713,21,4266,4287,42.87,61.2429
646,10,120,6770,110,18,45,35,176,56,1.46667,3394,0,3606,3606,36.06,51.5143
647,10,120,6770,110,18,22,12,202,82,1.68333,2864,15,4121,4136,41.36,59.0857
648,10,120,6770,110,18,19,9,175,55,1.45833,3821,0,3179,3179,31.79,45.4143
649,10,120,6770,110,18,21,11,132,12,1.1,3163,40,3797,3837,38.37,54.8143
650,10,120,6770,110,18,13,3,131,11,1.09167,5367,0,1633,1633,16.33,23.3286
651,10,120,6770,110,18,20,10,161,41,1.34167,4098,0,2902,2902,29.02,41.4571
652,10,120,6770,110,18,19,9,186,66,1.55,4908,0,2092,2092,20.92,29.8857
653,10,120,6770,110,18,21,11,170,50,1.41667,3330,36,3634,3670,36.7,52.4286
654,10,120,6770,110,18,36,26,133,13,1.10833,3398,7,3595,3602,36.02,51.4571
655,10,120,6770,110,18,15,5,165,45,1.375,2786,0,4214,4214,42.14,60.2
656,10,120,6770,110,18,26,16,178,58,1.48333,4138,0,2862,2862,28.62,40.8857
657,10,120,6770,110,18,59,49,190,70,1.58333,3477,0,3523,3523,35.23,50.3286
658,10,120,6770,110,18,45,35,178,58,1.48333,4485,0,2515,2515,25.15,35.9286
659,10,120,6770,110,18,22,12,163,43,1.35833,4556,0,2444,2444,24.44,34.9143
660,10,120,6770,110,18,18,8,200,80,1.66667,3148,71,3781,3852,38.52,55.0286
661,10,120,6770,110,18,17,7,158,38,1.31667,3382,0,3618,3618,36.18,51.6857
662,10,120,6770,110,18,24,14,190,70,1.58333,2666,0,4334,4334,43.34,61.9143
663,10,120,6770,110,18,19,9,165,45,1.375,2906,23,4071,4094,40.94,58.4857
664,10,120,6770,110,18,17,7,188,68,1.56667,3682,0,3318,3318,33.18,47.4
665,10,120,6770,110,18,55,45,201,81,1.675,3327,0,3673,3673,36.73,52.4714
666,10,120,6770,110,18,19,9,152,32,1.26667,5847,0,1153,1153,11.53,16.4714
667,10,120,6770,110,18,15,5,143,23,1.19167,4141,4,2855,2859,28.59,40.8429
668,10,120,6770,110,18,20,10,170,50,1.41667,3499,0,3501,3501,35.01,50.0143
669,10,120,6770,110,18,19,9,145,25,1.20833,4742,0,2258,2258,22.58,32.2571
670,10,120,6770,110,18,16,6,160,40,1.33333,2563,37,4400,4437,44.37,63.3857
671,10,120,6770,110,18,74,64,125,5,1.04167,3006,0,3994,3994,39.94,57.0571
672,10,120,6770,110,18,15,5,132,12,1.1,5125,0,1875,1875,18.75,26.7857
673,10,120,6770,110,18,20,10,161,41,1.34167,5168,0,1832,1832,18.32,26.1714
674,10,120,6770,110,18,74,64,172,52,1.43333,2523,0,4477,4477,44.77,63.9571
675,10,120,6770,110,18,28,18,165,45,1.375,2895,0,4105,4105,41.05,58.6429
676,10,120,6770,110,18,16,6,174,54,1.45,3497,8,3495,3503,35.03,50.0429
677,10,120,6770,110,18,18,8,162,42,1.35,3202,0,3798,3798,37.98,54.2571
678,10,120,6770,110,18,19,9,156,36,1.3,3161,0,3839,3839,38.39,54.8429
679,10,120,6770,110,18,21,11,144,24,1.2,3605,0,3395,3395,33.95,48.5
680,10,120,6770,110,18,19,9,188,68,1.56667,4210,0,2790,2790,27.9,39.8571
681,10,120,6770,110,18,22,12,163,43,1.35833,5153,0,1847,1847,18.47,26.3857
682,10,120,6770,110,18,23,13,140,20,1.16667,4449,0,2551,2551,25.51,36.4429
683,10,120,6770,110,18,19,9,173,53,1.44167,3125,0,3875,3875,38.75,55.3571
684,10,120,6770,110,18,22,12,136,16,1.13333,3983,0,3017,3017,30.17,43.1
685,10,120,6770,110,18,25,15,175,55,1.45833,2466,2,4532,4534,45.34,64.7714
686,10,120,6770,110,18,71,61,187,67,1.55833,2904,0,4096,4096,40.96,58.5143
687,10,120,6770,110,18,17,7,178,58,1.48333,4496,0,2504,2504,25.04,35.7714
688,10,120,6770,110,18,21,11,151,31,1.25833,4620,0,2380,2380,23.8,34
689,10,120,6770,110,18,20,10,189,69,1.575,3916,0,3084,3084,30.84,44.0571
690,10,120,6770,110,18,20,10,188,68,1.56667,2132,0,4868,4868,48.68,69.5429
691,10,120,6770,110,18,21,11,181,61,1.50833,4308,0,2692,2692,26.92,38.4571
692,10,120,6770,110,18,68,58,194,74,1.61667,2507,0,4493,4493,44.93,64.1857
693,10,120,6770,110,18,20,10,172,52,1.43333,3100,13,3887,3900,39,55.7143
694,10,120,6770,110,18,20,10,175,55,1.45833,3967,0,3033,3033,30.33,43.3286
695,10,120,6770,110,18,19,9,159,39,1.325,4642,15,2343,2358,23.58,33.6857
696,10,120,6770,110,18,16,6,144,24,1.2,5105,0,1895,1895,18.95,27.0714
697,10,120,6770,110,18,15,5,123,3,1.025,4040,28,2932,2960,29.6,42.2857
698,10,120,6770,110,18,20,10,166,46,1.38333,5055,0,1945,1945,19.45,27.7857
699,10,120,6770,110,18,16,6,153,33,1.275,2712,12,4276,4288,42.88,61.2571
700,10,120,6770,110,18,20,10,196,76,1.63333,4232,0,2768,2768,27.68,39.5429
701,10,120,6770,110,18,23,13,175,55,1.45833,2878,59,4063,4122,41.22,58.8857
702,10,120,6770,110,18,16,6,158,38,1.31667,3294,0,3706,3706,37.06,52.9429
703,10,120,6770,110,18,21,11,180,60,1.5,4497,0,2503,2503,25.03,35.7571
704,10,120,6770,110,18,23,13,182,62,1.51667,2633,7,4360,4367,43.67,62.3857
705,10,120,6770,110,18,19,9,171,51,1.425,2560,23,4417,4440,44.4,63.4286
706,10,120,6770,110,18,22,12,196,76,1.63333,3699,0,3301,3301,33.01,47.1571
707,10,120,6770,110,18,11,1,128,8,1.06667,4417,20,2563,2583,25.83,36.9
708,10,120,6770,110,18,20,10,150,30,1.25,4926,0,2074,2074,20.74,29.6286
709,10,120,6770,110,18,17,7,194,74,1.61667,3769,0,3231,3231,32.31,46.1571
710,10,120,6770,110,18,18,8,172,52,1.43333,3422,11,3567,3578,35.78,51.1143
711,10,120,6770,110,18,20,10,158,38,1.31667,3809,0,3191,3191,31.91,45.5857
712,10,120,6770,110,18,18,8,152,32,1.26667,4654,0,2346,2346,23.46,33.5143
713,10,120,6770,110,18,50,40,180,60,1.5,3449,12,3539,3551,35.51,50.7286
714,10,120,6770,110,18,17,7,152,32,1.26667,5099,0,1901,1901,19.01,27.1571
715,10,120,6770,110,18,22,12,171,51,1.425,4512,0,2488,2488,24.88,35.5429
716,10,120,6770,110,18,18,8,178,58,1.48333,2552,19,4429,4448,44.48,63.5429
717,10,120,6770,110,18,22,12,178,58,1.48333,2545,11,4444,4455,44.55,63.6429
718,10,120,6770,110,18,49,39,188,68,1.56667,3309,0,3691,3691,36.91,52.7286
719,10,120,6770,110,18,18,8,184,64,1.53333,4586,0,2414,2414,24.14,34.4857
720,10,120,6770,110,18,61,51,200,80,1.66667,2487,15,4498,4513,45.13,64.4714
721,10,120,6770,110,18,20,10,152,32,1.26667,3745,36,3219,3255,32.55,46.5
722,10,120,6770,110,18,23,13,176,56,1.46667,3684,0,3316,3316,33.16,47.3714
723,10,120,6770,110,18,18,8,177,57,1.475,3703,0,3297,3297,32.97,47.1
724,10,120,6770,110,18,17,7,180,60,1.5,3770,0,3230,3230,32.3,46.1429
725,10,120,6770,110,18,17,7,164,44,1.36667,3633,0,3367,3367,33.67,48.1
726,10,120,6770,110,18,20,10,178,58,1.48333,3996,0,3004,3004,30.04,42.9143
727,10,120,6770,110,18,22,12,203,83,1.69167,4437,0,2563,2563,25.63,36.6143
728,10,120,6770,110,18,22,12,135,15,1.125,4697,0,2303,2303,23.03,32.9
729,10,120,6770,110,18,20,10,153,33,1.275,5325,0,1675,1675,16.75,23.9286
730,10,120,6770,110,18,97,87,164,44,1.36667,3418,0,3582,3582,35.82,51.1714
731,10,120,6770,110,18,21,11,189,69,1.575,3440,0,3560,3560,35.6,50.8571
732,10,120,6770,110,18,22,12,156,36,1.3,3843,0,3157,3157,31.57,45.1
733,10,120,6770,110,18,20,10,158,38,1.31667,3637,0,3363,3363,33.63,48.0429
734,10,120,6770,110,18,19,9,177,57,1.475,4046,0,2954,2954,29.54,42.2
735,10,120,6770,110,18,21,11,159,39,1.325,5831,0,1169,1169,11.69,16.7
736,10,120,6770,110,18,79,69,168,48,1.4,3048,0,3952,3952,39.52,56.4571
737,10,120,6770,110,18,18,8,138,18,1.15,3596,0,3404,3404,34.04,48.6286
738,10,120,6770,110,18,16,6,139,19,1.15833,4548,0,2452,2452,24.52,35.0286
739,10,120,6770,110,18,52,42,171,51,1.425,2486,21,4493,4514,45.14,64.4857
740,10,120,6770,110,18,21,11,185,65,1.54167,4581,0,2419,2419,24.19,34.5571
741,10,120,6770,110,18,20,10,134,14,1.11667,2843,0,4157,4157,41.57,59.3857
742,10,120,6770,110,18,22,12,181,61,1.50833,3579,0,3421,3421,34.21,48.8714
743,10,120,6770,110,18,19,9,165,45,1.375,5669,0,1331,1331,13.31,19.0143
744,10,120,6770,110,18,21,11,164,44,1.36667,3738,0,3262,3262,32.62,46.6
745,10,120,6770,110,18,19,9,175,55,1.45833,3603,6,3391,3397,33.97,48.5286
746,10,120,6770,110,18,61,51,238,118,1.98333,2382,0,4618,4618,46.18,65.9714
747,10,120,6770,110,18,16,6,155,35,1.29167,3647,18,3335,3353,33.53,47.9
748,10,120,6770,110,18,19,9,163,43,1.35833,4186,0,2814,2814,28.14,40.2
749,10,120,6770,110,18,23,13,174,54,1.45,4256,0,2744,2744,27.44,39.2
750,10,120,6770,110,18,21,11,180,60,1.5,4157,0,2843,2843,28.43,40.6143
751,10,120,6770,110,18,27,17,169,49,1.40833,3597,1,3402,3403,34.03,48.6143
752,10,120,6770,110,18,19,9,200,80,1.66667,4308,0,2692,2692,26.92,38.4571
753,10,120,6770,110,18,19,9,158,38,1.31667,5573,0,1427,1427,14.27,20.3857
754,10,120,6770,110,18,17,7,160,40,1.33333,3043,7,3950,3957,39.57,56.5286
755,10,120,6770,110,18,23,13,159,39,1.325,5003,0,1997,1997,19.97,28.5286
756,10,120,6770,110,18,16,6,158,38,1.31667,3984,0,3016,3016,30.16,43.0857
757,10,120,6770,110,18,25,15,160,40,1.33333,4097,0,2903,2903,29.03,41.4714
758,10,120,6770,110,18,17,7,189,69,1.575,3935,13,3052,3065,30.65,43.7857
759,10,120,6770,110,18,82,72,196,76,1.63333,2077,0,4923,4923,49.23,70.3286
760,10,120,6770,110,18,20,10,183,63,1.525,5605,0,1395,1395,13.95,19.9286
761,10,120,6770,110,18,18,8,202,82,1.68333,3056,0,3944,3944,39.44,56.3429
762,10,120,6770,110,18,20,10,181,61,1.50833,4880,0,2120,2120,21.2,30.2857
763,10,120,6770,110,18,19,9,183,63,1.525,5147,0,1853,1853,18.53,26.4714
764,10,120,6770,110,18,23,13,138,18,1.15,3936,0,3064,3064,30.64,43.7714
765,10,120,6770,110,18,24,14,146,26,1.21667,4030,5,2965,2970,29.7,42.4286
766,10,120,6770,110,18,19,9,166,46,1.38333,5240,0,1760,1760,17.6,25.1429
767,10,120,6770,110,18,23,13,203,83,1.69167,4644,0,2356,2356,23.56,33.6571
768,10,120,6770,110,18,19,9,177,57,1.475,4558,0,2442,2442,24.42,34.8857
769,10,120,6770,110,18,19,9,155,35,1.29167,3597,9,3394,3403,34.03,48.6143
770,10,120,6770,110,18,22,12,160,40,1.33333,2995,0,4005,4005,40.05,57.2143
771,10,120,6770,110,18,51,41,151,31,1.25833,3753,0,3247,3247,32.47,46.3857
772,10,120,6770,110,18,22,12,163,43,1.35833,4049,14,2937,2951,29.51,42.1571
773,10,120,6770,110,18,22,12,169,49,1.40833,3772,25,3203,3228,32.28,46.1143
774,10,120,6770,110,18,16,6,143,23,1.19167,4304,0,2696,2696,26.96,38.5143
775,10,120,6770,110,18,20,10,169,49,1.40833,4669,10,2321,2331,23.31,33.3
776,10,120,6770,110,18,12,2,136,16,1.13333,4962,0,2038,2038,20.38,29.1143
777,10,120,6770,110,18,18,8,189,69,1.575,3154,0,3846,3846,38.46,54.9429
778,10,120,6770,110,18,20,10,175,55,1.45833,4639,0,2361,2361,23.61,33.7286
779,10,120,6770,110,18,22,12,157,37,1.30833,4664,0,2336,2336,23.36,33.3714
780,10,120,6770,110,18,26,16,165,45,1.375,4281,0,2719,2719,27.19,38.8429
781,10,120,6770,110,18,20,10,138,18,1.15,3468,19,3513,3532,35.32,50.4571
782,10,120,6770,110,18,18,8,172,52,1.43333,5261,0,1739,1739,17.39,24.8429
783,10,120,6770,110,18,66,56,159,39,1.325,2680,0,4320,4320,43.2,61.7143
784,10,120,6770,110,18,48,38,187,67,1.55833,3041,0,3959,3959,39.59,56.5571
785,10,120,6770,110,18,18,8,148,28,1.23333,5247,0,1753,1753,17.53,25.0429
786,10,120,6770,110,18,20,10,165,45,1.375,3880,26,3094,3120,31.2,44.5714
787,10,120,6770,110,18,20,10,201,81,1.675,4194,0,2806,2806,28.06,40.0857
788,10,120,6770,110,18,20,10,162,42,1.35,4667,14,2319,2333,23.33,33.3286
789,10,120,6770,110,18,21,11,187,67,1.55833,3089,0,3911,3911,39.11,55.8714
790,10,120,6770,110,18,16,6,181,61,1.50833,3480,2,3518,3520,35.2,50.2857
791,10,120,6770,110,18,21,11,155,35,1.29167,3671,0,3329,3329,33.29,47.5571
792,10,120,6770,110,18,20,10,194,74,1.61667,4365,0,2635,2635,26.35,37.6429
793,10,120,6770,110,18,21,11,168,48,1.4,2273,26,4701,4727,47.27,67.5286
794,10,120,6770,110,18,39,29,187,67,1.55833,3146,0,3854,3854,38.54,55.0571
795,10,120,6770,110,18,22,12,193,73,1.60833,3385,0,3615,3615,36.15,51.6429
796,10,120,6770,110,18,19,9,150,30,1.25,4831,9,2160,2169,21.69,30.9857
797,10,120,6770,110,18,19,9,143,23,1.19167,3770,4,3226,3230,32.3,46.1429
798,10,120,6770,110,18,21,11,175,55,1.45833,4145,0,2855,2855,28.55,40.7857
799,10,120,6770,110,18,17,7,152,32,1.26667,2813,4,4183,4187,41.87,59.8143
800,10,120,6770,110,18,40,30,164,44,1.36667,4057,0,2943,2943,29.43,42.0429
801,10,120,6770,110,18,25,15,172,52,1.43333,2276,0,4724,4724,47.24,67.4857
802,10,120,6770,110,18,29,19,165,45,1.375,3870,47,3083,3130,31.3,44.7143
803,10,120,6770,110,18,20,10,150,30,1.25,4134,0,2866,2866,28.66,40.9429
804,10,120,6770,110,18,23,13,152,32,1.26667,3441,2,3557,3559,35.59,50.8429
805,10,120,6770,110,18,21,11,173,53,1.44167,4411,0,2589,2589,25.89,36.9857
806,10,120,6770,110,18,15,5,159,39,1.325,2890,23,4087,4110,41.1,58.7143
807,10,120,6770,110,18,22,12,173,53,1.44167,3659,0,3341,3341,33.41,47.7286
808,10,120,6770,110,18,20,10,145,25,1.20833,2907,43,4050,4093,40.93,58.4714
809,10,120,6770,110,18,19,9,141,21,1.175,2852,0,4148,4148,41.48,59.2571
810,10,120,6770,110,18,20,10,143,23,1.19167,4107,0,2893,2893,28.93,41.3286
811,10,120,6770,110,18,23,13,185,65,1.54167,2405,0,4595,4595,45.95,65.6429
812,10,120,6770,110,18,61,51,186,66,1.55,2201,10,4789,4799,47.99,68.5571
813,10,120,6770,110,18,25,15,160,40,1.33333,4630,0,2370,2370,23.7,33.8571
814,10,120,6770,110,18,20,10,154,34,1.28333,3996,13,2991,3004,30.04,42.9143
815,10,120,6770,110,18,34,24,156,36,1.3,4191,0,2809,2809,28.09,40.1286
816,10,120,6770,110,18,20,10,161,41,1.34167,5496,0,1504,1504,15.04,21.4857
817,10,120,6770,110,18,19,9,145,25,1.20833,3927,26,3047,3073,30.73,43.9
818,10,120,6770,110,18,50,40,166,46,1.38333,4082,0,2918,2918,29.18,41.6857
819,10,120,6770,110,18,24,14,163,43,1.35833,4217,21,2762,2783,27.83,39.7571
820,10,120,6770,110,18,23,13,153,33,1.275,4869,0,2131,2131,21.31,30.4429
821,10,120,6770,110,18,53,43,175,55,1.45833,3568,0,3432,3432,34.32,49.0286
822,10,120,6770,110,18,27,17,168,48,1.4,3513,14,3473,3487,34.87,49.8143
823,10,120,6770,110,18,23,13,186,66,1.55,5110,0,1890,1890,18.9,27
824,10,120,6770,110,18,17,7,130,10,1.08333,3782,11,3207,3218,32.18,45.9714
825,10,120,6770,110,18,21,11,162,42,1.35,3905,0,3095,3095,30.95,44.2143
826,10,120,6770,110,18,23,13,160,40,1.33333,3632,0,3368,3368,33.68,48.1143
827,10,120,6770,110,18,19,9,174,54,1.45,4403,0,2597,2597,25.97,37.1
828,10,120,6770,110,18,19,9,152,32,1.26667,3588,0,3412,3412,34.12,48.7429
829,10,120,6770,110,18,25,15,160,40,1.33333,4273,0,2727,2727,27.27,38.9571
830,10,120,6770,110,18,23,13,210,90,1.75,2907,10,4083,4093,40.93,58.4714
831,10,120,6770,110,18,22,12,165,45,1.375,3253,0,3747,3747,37.47,53.5286
832,10,120,6770,110,18,15,5,149,29,1.24167,4494,0,2506,2506,25.06,35.8
833,10,120,6770,110,18,33,23,174,54,1.45,3370,0,3630,3630,36.3,51.8571
834,10,120,6770,110,18,19,9,176,56,1.46667,2693,0,4307,4307,43.07,61.5286
835,10,120,6770,110,18,22,12,127,7,1.05833,5736,0,1264,1264,12.64,18.0571
836,10,120,6770,110,18,76,66,166,46,1.38333,2205,1,4794,4795,47.95,68.5
837,10,120,6770,110,18,13,3,144,24,1.2,4657,0,2343,2343,23.43,33.4714
838,10,120,6770,110,18,22,12,138,18,1.15,4027,0,2973,2973,29.73,42.4714
839,10,120,6770,110,18,21,11,155,35,1.29167,4608,20,2372,2392,23.92,34.1714
840,10,120,6770,110,18,110,100,169,49,1.40833,2546,0,4454,4454,44.54,63.6286
841,10,120,6770,110,18,18,8,156,36,1.3,4627,10,2363,2373,23.73,33.9
842,10,120,6770,110,18,18,8,188,68,1.56667,2662,29,4309,4338,43.38,61.9714
843,10,120,6770,110,18,21,11,161,41,1.34167,3582,29,3389,3418,34.18,48.8286
844,10,120,6770,110,18,23,13,169,49,1.40833,3356,0,3644,3644,36.44,52.0571
845,10,120,6770,110,18,22,12,195,75,1.625,2884,8,4108,4116,41.16,58.8
846,10,120,6770,110,18,26,16,154,34,1.28333,3449,1,3550,3551,35.51,50.7286
847,10,120,6770,110,18,18,8,166,46,1.38333,4249,10,2741,2751,27.51,39.3
848,10,120,6770,110,18,19,9,161,41,1.34167,4886,0,2114,2114,21.14,30.2
849,10,120,6770,110,18,21,11,159,39,1.325,3755,0,3245,3245,32.45,46.3571
850,10,120,6770,110,18,37,27,140,20,1.16667,4037,0,2963,2963,29.63,42.3286
851,10,120,6770,110,18,18,8,173,53,1.44167,4385,5,2610,2615,26.15,37.3571
852,10,120,6770,110,18,23,13,128,8,1.06667,3273,0,3727,3727,37.27,53.2429
853,10,120,6770,110,18,65,55,194,74,1.61667,3625,0,3375,3375,33.75,48.2143
854,10,120,6770,110,18,19,9,135,15,1.125,3792,0,3208,3208,32.08,45.8286
855,10,120,6770,110,18,18,8,165,45,1.375,4133,0,2867,2867,28.67,40.9571
856,10,120,6770,110,18,23,13,161,41,1.34167,3826,0,3174,3174,31.74,45.3429
857,10,120,6770,110,18,20,10,158,38,1.31667,4370,0,2630,2630,26.3,37.5714
858,10,120,6770,110,18,20,10,139,19,1.15833,4508,0,2492,2492,24.92,35.6
859,10,120,6770,110,18,18,8,145,25,1.20833,4057,18,2925,2943,29.43,42.0429
860,10,120,6770,110,18,24,14,152,32,1.26667,5067,0,1933,1933,19.33,27.6143
861,10,120,6770,110,18,23,13,181,61,1.50833,4778,0,2222,2222,22.22,31.7429
862,10,120,6770,110,18,20,10,141,21,1.175,4061,0,2939,2939,29.39,41.9857
863,10,120,6770,110,18,21,11,170,50,1.41667,5294,0,1706,1706,17.06,24.3714
864,10,120,6770,110,18,41,31,160,40,1.33333,4027,0,2973,2973,29.73,42.4714
865,10,120,6770,110,18,14,4,136,16,1.13333,5432,0,1568,1568,15.68,22.4
866,10,120,6770,110,18,20,10,169,49,1.40833,4430,0,2570,2570,25.7,36.7143
867,10,120,6770,110,18,20,10,175,55,1.45833,4471,0,2529,2529,25.29,36.1286
868,10,120,6770,110,18,62,52,178,58,1.48333,2361,19,4620,4639,46.39,66.2714
869,10,120,6770,110,18,18,8,186,66,1.55,3003,0,3997,3997,39.97,57.1
870,10,120,6770,110,18,20,10,172,52,1.43333,2413,0,4587,4587,45.87,65.5286
871,10,120,6770,110,18,49,39,172,52,1.43333,3210,0,3790,3790,37.9,54.1429
872,10,120,6770,110,18,21,11,159,39,1.325,4994,0,2006,2006,20.06,28.6571
873,10,120,6770,110,18,103,93,152,32,1.26667,2745,21,4234,4255,42.55,60.7857
874,10,120,6770,110,18,20,10,158,38,1.31667,2818,0,4182,4182,41.82,59.7429
875,10,120,6770,110,18,19,9,178,58,1.48333,4393,20,2587,2607,26.07,37.2429
876,10,120,6770,110,18,39,29,182,62,1.51667,3953,0,3047,3047,30.47,43.5286
877,10,120,6770,110,18,21,11,172,52,1.43333,3258,0,3742,3742,37.42,53.4571
878,10,120,6770,110,18,19,9,144,24,1.2,4500,0,2500,2500,25,35.7143
879,10,120,6770,110,18,23,13,164,44,1.36667,3648,6,3346,3352,33.52,47.8857
880,10,120,6770,110,18,44,34,168,48,1.4,4341,0,2659,2659,26.59,37.9857
881,10,120,6770,110,18,19,9,132,12,1.1,6069,0,931,931,9.31,13.3
882,10,120,6770,110,18,20,10,159,39,1.325,3374,0,3626,3626,36.26,51.8
883,10,120,6770,110,18,20,10,157,37,1.30833,2319,57,4624,4681,46.81,66.8714
884,10,120,6770,110,18,17,7,181,61,1.50833,2498,30,4472,4502,45.02,64.3143
885,10,120,6770,110,18,20,10,155,35,1.29167,3589,0,3411,3411,34.11,48.7286
886,10,120,6770,110,18,21,11,179,59,1.49167,4052,0,2948,2948,29.48,42.1143
887,10,120,6770,110,18,38,28,129,9,1.075,4177,0,2823,2823,28.23,40.3286
888,10,120,6770,110,18,22,12,189,69,1.575,2412,36,4552,4588,45.88,65.5429
889,10,120,6770,110,18,21,11,152,32,1.26667,4454,0,2546,2546,25.46,36.3714
890,10,120,6770,110,18,19,9,136,16,1.13333,5823,0,1177,1177,11.77,16.8143
891,10,120,6770,110,18,43,33,166,46,1.38333,3475,0,3525,3525,35.25,50.3571
892,10,120,6770,110,18,21,11,194,74,1.61667,3964,10,3026,3036,30.36,43.3714
893,10,120,6770,110,18,19,9,158,38,1.31667,4791,0,2209,2209,22.09,31.5571
894,10,120,6770,110,18,51,41,178,58,1.48333,3359,0,3641,3641,36.41,52.0143
895,10,120,6770,110,18,17,7,137,17,1.14167,4386,0,2614,2614,26.14,37.3429
896,10,120,6770,110,18,49,39,188,68,1.56667,3490,0,3510,3510,35.1,50.1429
897,10,120,6770,110,18,19,9,150,30,1.25,5373,0,1627,1627,16.27,23.2429
898,10,120,6770,110,18,87,77,183,63,1.525,2558,0,4442,4442,44.42,63.4571
899,10,120,6770,110,18,22,12,162,42,1.35,4651,0,2349,2349,23.49,33.5571
900,10,120,6770,110,18,18,8,159,39,1.325,3332,0,3668,3668,36.68,52.4
901,10,120,6770,110,18,86,76,212,92,1.76667,2484,12,4504,4516,45.16,64.5143
902,10,120,6770,110,18,70,60,220,100,1.83333,1998,10,4992,5002,50.02,71.4571
903,10,120,6770,110,18,18,8,180,60,1.5,3327,0,3673,3673,36.73,52.4714
904,10,120,6770,110,18,21,11,165,45,1.375,2609,6,4385,4391,43.91,62.7286
905,10,120,6770,110,18,20,10,189,69,1.575,3337,18,3645,3663,36.63,52.3286
906,10,120,6770,110,18,18,8,178,58,1.48333,4921,0,2079,2079,20.79,29.7
907,10,120,6770,110,18,18,8,154,34,1.28333,4709,0,2291,2291,22.91,32.7286
908,10,120,6770,110,18,19,9,157,37,1.30833,5071,0,1929,1929,19.29,27.5571
909,10,120,6770,110,18,18,8,141,21,1.175,4820,0,2180,2180,21.8,31.1429
910,10,120,6770,110,18,22,12,174,54,1.45,3313,0,3687,3687,36.87,52.6714
911,10,120,6770,110,18,24,14,170,50,1.41667,4181,0,2819,2819,28.19,40.2714
912,10,120,6770,110,18,21,11,148,28,1.23333,6119,0,881,881,8.81,12.5857
913,10,120,6770,110,18,20,10,163,43,1.35833,4359,0,2641,2641,26.41,37.7286
914,10,120,6770,110,18,21,11,193,73,1.60833,4326,0,2674,2674,26.74,38.2
915,10,120,6770,110,18,18,8,190,70,1.58333,3413,14,3573,3587,35.87,51.2429
916,10,120,6770,110,18,19,9,160,40,1.33333,4912,0,2088,2088,20.88,29.8286
917,10,120,6770,110,18,17,7,182,62,1.51667,4642,0,2358,2358,23.58,33.6857
918,10,120,6770,110,18,44,34,196,76,1.63333,4164,0,2836,2836,28.36,40.5143
919,10,120,6770,110,18,74,64,201,81,1.675,3066,0,3934,3934,39.34,56.2
920,10,120,6770,110,18,16,6,156,36,1.3,3716,5,3279,3284,32.84,46.9143
921,10,120,6770,110,18,26,16,181,61,1.50833,2706,26,4268,4294,42.94,61.3429
922,10,120,6770,110,18,18,8,183,63,1.525,3636,0,3364,3364,33.64,48.0571
923,10,120,6770,110,18,20,10,181,61,1.50833,4590,0,2410,2410,24.1,34.4286
924,10,120,6770,110,18,17,7,159,39,1.325,3851,0,3149,3149,31.49,44.9857
925,10,120,6770,110,18,17,7,138,18,1.15,3857,0,3143,3143,31.43,44.9
926,10,120,6770,110,18,21,11,169,49,1.40833,4832,0,2168,2168,21.68,30.9714
927,10,120,6770,110,18,24,14,178,58,1.48333,4006,0,2994,2994,29.94,42.7714
928,10,120,6770,110,18,18,8,156,36,1.3,3703,0,3297,3297,32.97,47.1
929,10,120,6770,110,18,17,7,225,105,1.875,2487,9,4504,4513,45.13,64.4714
930,10,120,6770,110,18,19,9,166,46,1.38333,4203,0,2797,2797,27.97,39.9571
931,10,120,6770,110,18,17,7,150,30,1.25,4059,4,2937,2941,29.41,42.0143
932,10,120,6770,110,18,25,15,155,35,1.29167,3729,45,3226,3271,32.71,46.7286
933,10,120,6770,110,18,21,11,154,34,1.28333,3849,33,3118,3151,31.51,45.0143
934,10,120,6770,110,18,17,7,169,49,1.40833,4022,0,2978,2978,29.78,42.5429
935,10,120,6770,110,18,63,53,160,40,1.33333,3373,20,3607,3627,36.27,51.8143
936,10,120,6770,110,18,59,49,202,82,1.68333,2372,13,4615,4628,46.28,66.1143
937,10,120,6770,110,18,29,19,186,66,1.55,4080,0,2920,2920,29.2,41.7143
938,10,120,6770,110,18,23,13,178,58,1.48333,2963,2,4035,4037,40.37,57.6714
939,10,120,6770,110,18,17,7,155,35,1.29167,4156,12,2832,2844,28.44,40.6286
940,10,120,6770,110,18,18,8,171,51,1.425,3890,0,3110,3110,31.1,44.4286
941,10,120,6770,110,18,12,2,129,9,1.075,4917,0,2083,2083,20.83,29.7571
942,10,120,6770,110,18,48,38,158,38,1.31667,2603,12,4385,4397,43.97,62.8143
943,10,120,6770,110,18,18,8,158,38,1.31667,5134,0,1866,1866,18.66,26.6571
944,10,120,6770,110,18,18,8,181,61,1.50833,4373,0,2627,2627,26.27,37.5286
945,10,120,6770,110,18,21,11,159,39,1.325,4402,0,2598,2598,25.98,37.1143
946,10,120,6770,110,18,20,10,169,49,1.40833,2740,0,4260,4260,42.6,60.8571
947,10,120,6770,110,18,17,7,165,45,1.375,3419,0,3581,3581,35.81,51.1571
948,10,120,6770,110,18,18,8,162,42,1.35,2472,12,4516,4528,45.28,64.6857
949,10,120,6770,110,18,19,9,163,43,1.35833,3406,0,3594,3594,35.94,51.3429
950,10,120,6770,110,18,17,7,145,25,1.20833,3052,12,3936,3948,39.48,56.4
951,10,120,6770,110,18,20,10,183,63,1.525,4919,0,2081,2081,20.81,29.7286
952,10,120,6770,110,18,20,10,171,51,1.425,3858,51,3091,3142,31.42,44.8857
953,10,120,6770,110,18,23,13,182,62,1.51667,3793,0,3207,3207,32.07,45.8143
954,10,120,6770,110,18,19,9,176,56,1.46667,3202,2,3796,3798,37.98,54.2571
955,10,120,6770,110,18,24,14,165,45,1.375,2450,0,4550,4550,45.5,65
956,10,120,6770,110,18,21,11,157,37,1.30833,3159,1,3840,3841,38.41,54.8714
957,10,120,6770,110,18,19,9,145,25,1.20833,3732,1,3267,3268,32.68,46.6857
958,10,120,6770,110,18,19,9,188,68,1.56667,3406,0,3594,3594,35.94,51.3429
959,10,120,6770,110,18,23,13,164,44,1.36667,2702,0,4298,4298,42.98,61.4
960,10,120,6770,110,18,19,9,175,55,1.45833,3509,11,3480,3491,34.91,49.8714
961,10,120,6770,110,18,22,12,156,36,1.3,4483,0,2517,2517,25.17,35.9571
962,10,120,6770,110,18,29,19,200,80,1.66667,4413,0,2587,2587,25.87,36.9571
963,10,120,6770,110,18,18,8,154,34,1.28333,5011,0,1989,1989,19.89,28.4143
964,10,120,6770,110,18,13,3,138,18,1.15,4201,0,2799,2799,27.99,39.9857
965,10,120,6770,110,18,21,11,147,27,1.225,4176,0,2824,2824,28.24,40.3429
966,10,120,6770,110,18,22,12,177,57,1.475,4900,0,2100,2100,21,30
967,10,120,6770,110,18,20,10,172,52,1.43333,4251,0,2749,2749,27.49,39.2714
968,10,120,6770,110,18,52,42,128,8,1.06667,4609,0,2391,2391,23.91,34.1571
969,10,120,6770,110,18,10,0,120,0,1,4826,0,2174,2174,21.74,31.0571
970,10,120,6770,110,18,19,9,189,69,1.575,3901,0,3099,3099,30.99,44.2714
971,10,120,6770,110,18,15,5,175,55,1.45833,4261,0,2739,2739,27.39,39.1286
972,10,120,6770,110,18,23,13,170,50,1.41667,4455,0,2545,2545,25.45,36.3571
973,10,120,6770,110,18,21,11,179,59,1.49167,3637,0,3363,3363,33.63,48.0429
974,10,120,6770,110,18,64,54,238,118,1.98333,2766,0,4234,4234,42.34,60.4857
975,10,120,6770,110,18,80,70,159,39,1.325,2617,29,4354,4383,43.83,62.6143
976,10,120,6770,110,18,67,57,153,33,1.275,3312,0,3688,3688,36.88,52.6857
977,10,120,6770,110,18,22,12,189,69,1.575,4217,7,2776,2783,27.83,39.7571
978,10,120,6770,110,18,19,9,163,43,1.35833,4756,0,2244,2244,22.44,32.0571
979,10,120,6770,110,18,56,46,169,49,1.40833,3070,13,3917,3930,39.3,56.1429
980,10,120,6770,110,18,18,8,148,28,1.23333,4112,0,2888,2888,28.88,41.2571
981,10,120,6770,110,18,17,7,174,54,1.45,4009,0,2991,2991,29.91,42.7286
982,10,120,6770,110,18,21,11,180,60,1.5,2565,5,4430,4435,44.35,63.3571
983,10,120,6770,110,18,23,13,180,60,1.5,3902,0,3098,3098,30.98,44.2571
984,10,120,6770,110,18,17,7,153,33,1.275,2988,12,4000,4012,40.12,57.3143
985,10,120,6770,110,18,22,12,166,46,1.38333,2151,32,4817,4849,48.49,69.2714
986,10,120,6770,110,18,18,8,160,40,1.33333,3447,20,3533,3553,35.53,50.7571
987,10,120,6770,110,18,53,43,178,58,1.48333,3484,0,3516,3516,35.16,50.2286
988,10,120,6770,110,18,23,13,152,32,1.26667,3547,0,3453,3453,34.53,49.3286
989,10,120,6770,110,18,31,21,151,31,1.25833,4159,0,2841,2841,28.41,40.5857
990,10,120,6770,110,18,21,11,198,78,1.65,4447,0,2553,2553,25.53,36.4714
991,10,120,6770,110,18,20,10,214,94,1.78333,3781,32,3187,3219,32.19,45.9857
992,10,120,6770,110,18,58,48,192,72,1.6,2539,23,4438,4461,44.61,63.7286
993,10,120,6770,110,18,26,16,133,13,1.10833,4265,0,2735,2735,27.35,39.0714
994,10,120,6770,110,18,19,9,172,52,1.43333,4044,0,2956,2956,29.56,42.2286
995,10,120,6770,110,18,22,12,191,71,1.59167,2581,0,4419,4419,44.19,63.1286
996,10,120,6770,110,18,22,12,172,52,1.43333,3994,0,3006,3006,30.06,42.9429
997,10,120,6770,110,18,50,40,155,35,1.29167,3661,29,3310,3339,33.39,47.7
998,10,120,6770,110,18,24,14,165,45,1.375,4676,0,2324,2324,23.24,33.2
999,10,120,6770,110,18,26,16,163,43,1.35833,4020,18,2962,2980,29.8,42.5714
1000,10,120,6770,110,18,37,27,182,62,1.51667,2076,0,4924,4924,49.24,70.3429
